--
-- PostgreSQL database dump
--

\restrict UtU76N0TtmcUcshdjCLIKzmrEsngHcVbDNpfAnSxMqFfRrxK6n3SPslb4wzKRli

-- Dumped from database version 17.8 (a284a84)
-- Dumped by pg_dump version 18.3

SET statement_timeout = 0;
SET lock_timeout = 0;
SET idle_in_transaction_session_timeout = 0;
SET transaction_timeout = 0;
SET client_encoding = 'UTF8';
SET standard_conforming_strings = on;
SELECT pg_catalog.set_config('search_path', '', false);
SET check_function_bodies = false;
SET xmloption = content;
SET client_min_messages = warning;
SET row_security = off;

--
-- Name: pgcrypto; Type: EXTENSION; Schema: -; Owner: -
--

CREATE EXTENSION IF NOT EXISTS pgcrypto WITH SCHEMA public;


--
-- Name: EXTENSION pgcrypto; Type: COMMENT; Schema: -; Owner: 
--

COMMENT ON EXTENSION pgcrypto IS 'cryptographic functions';


SET default_tablespace = '';

SET default_table_access_method = heap;

--
-- Name: attendance; Type: TABLE; Schema: public; Owner: neondb_owner
--

CREATE TABLE public.attendance (
    id uuid NOT NULL,
    employee_id uuid NOT NULL,
    work_date date NOT NULL,
    shift_id uuid,
    check_in timestamp without time zone,
    check_out timestamp without time zone,
    worked_hours numeric(5,2),
    overtime_hours numeric(5,2),
    work_minutes integer,
    ot_minutes integer,
    late_minutes integer,
    early_leave_minutes integer,
    status character varying(50),
    leave_type character varying(50),
    note text,
    locked boolean DEFAULT false,
    created_at timestamp without time zone,
    updated_at timestamp without time zone
);


ALTER TABLE public.attendance OWNER TO neondb_owner;

--
-- Name: contract_template; Type: TABLE; Schema: public; Owner: neondb_owner
--

CREATE TABLE public.contract_template (
    id uuid NOT NULL,
    code character varying(50) NOT NULL,
    name character varying(255) NOT NULL,
    default_duration integer,
    duration_type character varying(20),
    group_name character varying(100),
    description text,
    policy text,
    is_active boolean,
    created_at timestamp without time zone,
    created_by character varying(100),
    last_updated timestamp without time zone
);


ALTER TABLE public.contract_template OWNER TO neondb_owner;

--
-- Name: employee; Type: TABLE; Schema: public; Owner: neondb_owner
--

CREATE TABLE public.employee (
    id uuid DEFAULT gen_random_uuid() NOT NULL,
    employee_code character varying(50) NOT NULL,
    full_name character varying(255) NOT NULL,
    gender character varying(20),
    dob date,
    national_id character varying(50),
    phone character varying(20),
    personal_email character varying(100),
    work_email character varying(100),
    permanent_address text,
    current_address text,
    hometown character varying(255),
    marital_status character varying(50),
    dependents_count integer,
    hire_date date,
    probation_end_date date,
    employment_type character varying(50),
    status character varying(50),
    avatar_url text,
    manager_id uuid,
    created_at timestamp with time zone,
    updated_at timestamp with time zone
);


ALTER TABLE public.employee OWNER TO neondb_owner;

--
-- Name: employee_assignment; Type: TABLE; Schema: public; Owner: neondb_owner
--

CREATE TABLE public.employee_assignment (
    id uuid DEFAULT gen_random_uuid() NOT NULL,
    employee_id uuid NOT NULL,
    department_id uuid,
    department_name character varying(255),
    team_id uuid,
    team_name character varying(255),
    job_title_id uuid,
    job_title_name character varying(255),
    grade_level character varying(50),
    from_date date,
    to_date date,
    change_reason text
);


ALTER TABLE public.employee_assignment OWNER TO neondb_owner;

--
-- Name: employee_contract; Type: TABLE; Schema: public; Owner: neondb_owner
--

CREATE TABLE public.employee_contract (
    id uuid DEFAULT gen_random_uuid() NOT NULL,
    employee_id uuid NOT NULL,
    contract_template_id uuid,
    contract_template_name character varying(255),
    contract_no character varying(100),
    start_date date,
    end_date date,
    base_salary numeric(19,2),
    signed_date date,
    status character varying(50)
);


ALTER TABLE public.employee_contract OWNER TO neondb_owner;

--
-- Name: employee_skill; Type: TABLE; Schema: public; Owner: neondb_owner
--

CREATE TABLE public.employee_skill (
    id uuid DEFAULT gen_random_uuid() NOT NULL,
    employee_id uuid NOT NULL,
    skill_id uuid NOT NULL,
    current_level integer NOT NULL,
    certified boolean DEFAULT false,
    certified_date date,
    note text
);


ALTER TABLE public.employee_skill OWNER TO neondb_owner;

--
-- Name: job_title; Type: TABLE; Schema: public; Owner: neondb_owner
--

CREATE TABLE public.job_title (
    id uuid DEFAULT gen_random_uuid() NOT NULL,
    code character varying(50) NOT NULL,
    name character varying(255) NOT NULL,
    grade_level character varying(50),
    department_id uuid NOT NULL,
    description text,
    status character varying(20) DEFAULT 'ACTIVE'::character varying NOT NULL,
    created_at timestamp without time zone DEFAULT CURRENT_TIMESTAMP NOT NULL,
    updated_at timestamp without time zone,
    departmentname character varying(255)
);


ALTER TABLE public.job_title OWNER TO neondb_owner;

--
-- Name: shift; Type: TABLE; Schema: public; Owner: neondb_owner
--

CREATE TABLE public.shift (
    id uuid DEFAULT gen_random_uuid() NOT NULL,
    code character varying(50) NOT NULL,
    name character varying(150) NOT NULL,
    description text,
    start_time time without time zone NOT NULL,
    end_time time without time zone NOT NULL,
    break_minutes integer,
    late_allowance_minutes integer,
    early_allowance_minutes integer,
    is_overnight boolean,
    status character varying(20) NOT NULL
);


ALTER TABLE public.shift OWNER TO neondb_owner;

--
-- Name: shift_rule; Type: TABLE; Schema: public; Owner: neondb_owner
--

CREATE TABLE public.shift_rule (
    id uuid DEFAULT gen_random_uuid() NOT NULL,
    shift_id uuid NOT NULL,
    ot_rule character varying(100) NOT NULL,
    weekend_rule character varying(100),
    rounded_in_minutes integer,
    rounded_out_minutes integer,
    auto_checkout boolean,
    holiday_rate numeric(5,2)
);


ALTER TABLE public.shift_rule OWNER TO neondb_owner;

--
-- Name: shift_scope; Type: TABLE; Schema: public; Owner: neondb_owner
--

CREATE TABLE public.shift_scope (
    id uuid DEFAULT gen_random_uuid() NOT NULL,
    shift_id uuid NOT NULL,
    department_id uuid,
    team_id uuid
);


ALTER TABLE public.shift_scope OWNER TO neondb_owner;

--
-- Name: skill; Type: TABLE; Schema: public; Owner: neondb_owner
--

CREATE TABLE public.skill (
    id uuid DEFAULT gen_random_uuid() NOT NULL,
    code character varying(50) NOT NULL,
    name character varying(150) NOT NULL,
    max_level integer NOT NULL,
    group_id uuid NOT NULL,
    description text,
    status character varying(20) DEFAULT 'ACTIVE'::character varying,
    created_at timestamp without time zone DEFAULT CURRENT_TIMESTAMP,
    updated_at timestamp without time zone,
    updated_by character varying(100)
);


ALTER TABLE public.skill OWNER TO neondb_owner;

--
-- Name: skill_criteria; Type: TABLE; Schema: public; Owner: neondb_owner
--

CREATE TABLE public.skill_criteria (
    id uuid DEFAULT gen_random_uuid() NOT NULL,
    skill_id uuid NOT NULL,
    title character varying(200) NOT NULL,
    description text
);


ALTER TABLE public.skill_criteria OWNER TO neondb_owner;

--
-- Name: skill_group; Type: TABLE; Schema: public; Owner: neondb_owner
--

CREATE TABLE public.skill_group (
    id uuid DEFAULT gen_random_uuid() NOT NULL,
    code character varying(50) NOT NULL,
    name character varying(150) NOT NULL,
    description text
);


ALTER TABLE public.skill_group OWNER TO neondb_owner;

--
-- Data for Name: attendance; Type: TABLE DATA; Schema: public; Owner: neondb_owner
--

COPY public.attendance (id, employee_id, work_date, shift_id, check_in, check_out, worked_hours, overtime_hours, work_minutes, ot_minutes, late_minutes, early_leave_minutes, status, leave_type, note, locked, created_at, updated_at) FROM stdin;
aeb34c1c-e9ac-4743-849f-715ae3f18583	11111111-1111-1111-1111-111111111111	2026-03-01	11111111-1111-1111-1111-111111111111	\N	\N	0.00	0.00	0	0	0	0	WEEKEND	\N	\N	f	2026-02-27 18:46:00.767583	2026-02-27 18:46:00.767583
c697f27b-9741-40b5-a3c7-9e25e3d61e30	22222222-2222-2222-2222-222222222222	2026-03-01	22222222-2222-2222-2222-222222222222	\N	\N	0.00	0.00	0	0	0	0	WEEKEND	\N	\N	f	2026-02-27 18:46:00.767583	2026-02-27 18:46:00.767583
e4d4543b-3f85-41c6-802e-7fdc904ea88a	33333333-3333-3333-3333-333333333333	2026-03-01	33333333-3333-3333-3333-333333333333	\N	\N	0.00	0.00	0	0	0	0	WEEKEND	\N	\N	f	2026-02-27 18:46:00.767583	2026-02-27 18:46:00.767583
f29bf601-e9cc-439f-8c8b-1295ef064608	44444444-4444-4444-4444-444444444444	2026-03-01	44444444-4444-4444-4444-444444444444	\N	\N	0.00	0.00	0	0	0	0	WEEKEND	\N	\N	f	2026-02-27 18:46:00.767583	2026-02-27 18:46:00.767583
1a4cb79e-bf2c-4330-9866-c49375853654	55555555-5555-5555-5555-555555555555	2026-03-01	55555555-5555-5555-5555-555555555555	\N	\N	0.00	0.00	0	0	0	0	WEEKEND	\N	\N	f	2026-02-27 18:46:00.767583	2026-02-27 18:46:00.767583
7b15d2bb-b418-4c72-8a81-98a41704d340	11111111-1111-1111-1111-111111111111	2026-03-02	11111111-1111-1111-1111-111111111111	2026-03-02 08:00:00	2026-03-02 17:00:00	8.00	0.00	480	0	0	0	WORKING	\N	\N	f	2026-02-27 18:46:00.767583	2026-02-27 18:46:00.767583
2e53978f-2b70-4b56-acc5-4b717cfdea4b	22222222-2222-2222-2222-222222222222	2026-03-02	22222222-2222-2222-2222-222222222222	2026-03-02 08:00:00	2026-03-02 17:00:00	8.00	0.00	480	0	0	0	WORKING	\N	\N	f	2026-02-27 18:46:00.767583	2026-02-27 18:46:00.767583
d573201a-4924-40eb-96ca-3df60c762c3a	33333333-3333-3333-3333-333333333333	2026-03-02	33333333-3333-3333-3333-333333333333	2026-03-02 08:00:00	2026-03-02 17:00:00	8.00	0.00	480	0	0	0	WORKING	\N	\N	f	2026-02-27 18:46:00.767583	2026-02-27 18:46:00.767583
3a6c32be-d385-4070-b95f-41e69f66ea0d	44444444-4444-4444-4444-444444444444	2026-03-02	44444444-4444-4444-4444-444444444444	2026-03-02 08:00:00	2026-03-02 17:00:00	8.00	0.00	480	0	0	0	WORKING	\N	\N	f	2026-02-27 18:46:00.767583	2026-02-27 18:46:00.767583
4bd11f57-407b-45cf-a7f5-7c07ab103892	55555555-5555-5555-5555-555555555555	2026-03-02	55555555-5555-5555-5555-555555555555	2026-03-02 08:00:00	2026-03-02 17:00:00	8.00	0.00	480	0	0	0	WORKING	\N	\N	f	2026-02-27 18:46:00.767583	2026-02-27 18:46:00.767583
65370230-47f8-42b7-a5e1-563c11d0f540	11111111-1111-1111-1111-111111111111	2026-03-04	11111111-1111-1111-1111-111111111111	2026-03-04 08:00:00	2026-03-04 17:00:00	8.00	0.00	480	0	0	0	WORKING	\N	\N	f	2026-02-27 18:46:00.767583	2026-02-27 18:46:00.767583
b9b41bc4-b1c9-4bb7-93e7-0c32423aaf8a	22222222-2222-2222-2222-222222222222	2026-03-04	22222222-2222-2222-2222-222222222222	2026-03-04 08:00:00	2026-03-04 17:00:00	8.00	0.00	480	0	0	0	WORKING	\N	\N	f	2026-02-27 18:46:00.767583	2026-02-27 18:46:00.767583
b7f08b91-8149-4b8c-94b0-12b9101dd64d	33333333-3333-3333-3333-333333333333	2026-03-04	33333333-3333-3333-3333-333333333333	2026-03-04 08:00:00	2026-03-04 17:00:00	8.00	0.00	480	0	0	0	WORKING	\N	\N	f	2026-02-27 18:46:00.767583	2026-02-27 18:46:00.767583
e56cdf28-e64d-4e3c-95ce-03dc747c061b	44444444-4444-4444-4444-444444444444	2026-03-04	44444444-4444-4444-4444-444444444444	2026-03-04 08:00:00	2026-03-04 17:00:00	8.00	0.00	480	0	0	0	WORKING	\N	\N	f	2026-02-27 18:46:00.767583	2026-02-27 18:46:00.767583
422d1790-0392-40f0-a5a8-e0bff75155fc	55555555-5555-5555-5555-555555555555	2026-03-04	55555555-5555-5555-5555-555555555555	2026-03-04 08:00:00	2026-03-04 17:00:00	8.00	0.00	480	0	0	0	WORKING	\N	\N	f	2026-02-27 18:46:00.767583	2026-02-27 18:46:00.767583
e5a2b736-80f1-470c-bc82-35dac16e100b	11111111-1111-1111-1111-111111111111	2026-03-05	11111111-1111-1111-1111-111111111111	2026-03-05 08:00:00	2026-03-05 17:00:00	8.00	0.00	480	0	0	0	WORKING	\N	\N	f	2026-02-27 18:46:00.767583	2026-02-27 18:46:00.767583
fd39bf91-2b7f-479f-af2f-e0e458e70e5c	22222222-2222-2222-2222-222222222222	2026-03-05	22222222-2222-2222-2222-222222222222	2026-03-05 08:00:00	2026-03-05 17:00:00	8.00	0.00	480	0	0	0	WORKING	\N	\N	f	2026-02-27 18:46:00.767583	2026-02-27 18:46:00.767583
178445be-fed1-4bdb-8370-6016638218c4	33333333-3333-3333-3333-333333333333	2026-03-05	33333333-3333-3333-3333-333333333333	2026-03-05 08:00:00	2026-03-05 17:00:00	8.00	0.00	480	0	0	0	WORKING	\N	\N	f	2026-02-27 18:46:00.767583	2026-02-27 18:46:00.767583
aa2b0ff2-6a3c-484b-b47c-be367772208f	44444444-4444-4444-4444-444444444444	2026-03-05	44444444-4444-4444-4444-444444444444	2026-03-05 08:00:00	2026-03-05 17:00:00	8.00	0.00	480	0	0	0	WORKING	\N	\N	f	2026-02-27 18:46:00.767583	2026-02-27 18:46:00.767583
dd376d16-5ec6-448b-9179-cae30e220e4a	55555555-5555-5555-5555-555555555555	2026-03-05	55555555-5555-5555-5555-555555555555	2026-03-05 08:00:00	2026-03-05 17:00:00	8.00	0.00	480	0	0	0	WORKING	\N	\N	f	2026-02-27 18:46:00.767583	2026-02-27 18:46:00.767583
3ab929df-c703-4f50-ac49-81befc5e3e50	11111111-1111-1111-1111-111111111111	2026-03-06	11111111-1111-1111-1111-111111111111	2026-03-06 08:00:00	2026-03-06 17:00:00	8.00	0.00	480	0	0	0	WORKING	\N	\N	f	2026-02-27 18:46:00.767583	2026-02-27 18:46:00.767583
411ad2f7-7c3e-4b73-8705-2a983236e11a	22222222-2222-2222-2222-222222222222	2026-03-06	22222222-2222-2222-2222-222222222222	2026-03-06 08:00:00	2026-03-06 17:00:00	8.00	0.00	480	0	0	0	WORKING	\N	\N	f	2026-02-27 18:46:00.767583	2026-02-27 18:46:00.767583
7a9825f1-a88e-4ffd-8cdd-90cc72a9c7ea	33333333-3333-3333-3333-333333333333	2026-03-06	33333333-3333-3333-3333-333333333333	2026-03-06 08:00:00	2026-03-06 17:00:00	8.00	0.00	480	0	0	0	WORKING	\N	\N	f	2026-02-27 18:46:00.767583	2026-02-27 18:46:00.767583
1faac605-a479-4b78-a2ad-3216075dadd3	44444444-4444-4444-4444-444444444444	2026-03-06	44444444-4444-4444-4444-444444444444	2026-03-06 08:00:00	2026-03-06 17:00:00	8.00	0.00	480	0	0	0	WORKING	\N	\N	f	2026-02-27 18:46:00.767583	2026-02-27 18:46:00.767583
603f4684-9cfa-44f3-a98e-85dc858cf9b2	55555555-5555-5555-5555-555555555555	2026-03-06	55555555-5555-5555-5555-555555555555	2026-03-06 08:00:00	2026-03-06 17:00:00	8.00	0.00	480	0	0	0	WORKING	\N	\N	f	2026-02-27 18:46:00.767583	2026-02-27 18:46:00.767583
25b4772c-469b-4f97-a9f9-98fe62adc36f	11111111-1111-1111-1111-111111111111	2026-03-07	11111111-1111-1111-1111-111111111111	\N	\N	0.00	0.00	0	0	0	0	WEEKEND	\N	\N	f	2026-02-27 18:46:00.767583	2026-02-27 18:46:00.767583
a538d22d-a722-4387-a9dd-1afc24ebfdff	22222222-2222-2222-2222-222222222222	2026-03-07	22222222-2222-2222-2222-222222222222	\N	\N	0.00	0.00	0	0	0	0	WEEKEND	\N	\N	f	2026-02-27 18:46:00.767583	2026-02-27 18:46:00.767583
866840e8-44d1-4d80-a56c-079a575ac708	33333333-3333-3333-3333-333333333333	2026-03-07	33333333-3333-3333-3333-333333333333	\N	\N	0.00	0.00	0	0	0	0	WEEKEND	\N	\N	f	2026-02-27 18:46:00.767583	2026-02-27 18:46:00.767583
8ae75da4-942e-41cc-a033-0771dfbb91bc	44444444-4444-4444-4444-444444444444	2026-03-07	44444444-4444-4444-4444-444444444444	\N	\N	0.00	0.00	0	0	0	0	WEEKEND	\N	\N	f	2026-02-27 18:46:00.767583	2026-02-27 18:46:00.767583
32f5bc9a-5564-4617-81a1-b06148b140a2	55555555-5555-5555-5555-555555555555	2026-03-07	55555555-5555-5555-5555-555555555555	\N	\N	0.00	0.00	0	0	0	0	WEEKEND	\N	\N	f	2026-02-27 18:46:00.767583	2026-02-27 18:46:00.767583
565dbd10-826a-4c24-a828-a8ca734b91c4	11111111-1111-1111-1111-111111111111	2026-03-08	11111111-1111-1111-1111-111111111111	\N	\N	0.00	0.00	0	0	0	0	WEEKEND	\N	\N	f	2026-02-27 18:46:00.767583	2026-02-27 18:46:00.767583
af6edf69-9612-4623-b5d5-4232dafe0809	22222222-2222-2222-2222-222222222222	2026-03-08	22222222-2222-2222-2222-222222222222	\N	\N	0.00	0.00	0	0	0	0	WEEKEND	\N	\N	f	2026-02-27 18:46:00.767583	2026-02-27 18:46:00.767583
f0f54a99-70e3-4cc2-8722-eb8abb431c45	33333333-3333-3333-3333-333333333333	2026-03-08	33333333-3333-3333-3333-333333333333	\N	\N	0.00	0.00	0	0	0	0	WEEKEND	\N	\N	f	2026-02-27 18:46:00.767583	2026-02-27 18:46:00.767583
090d3441-62d7-4253-8e7e-262e4938cc48	44444444-4444-4444-4444-444444444444	2026-03-08	44444444-4444-4444-4444-444444444444	\N	\N	0.00	0.00	0	0	0	0	WEEKEND	\N	\N	f	2026-02-27 18:46:00.767583	2026-02-27 18:46:00.767583
ce3bc444-3669-43ef-be65-c8546c253113	55555555-5555-5555-5555-555555555555	2026-03-08	55555555-5555-5555-5555-555555555555	\N	\N	0.00	0.00	0	0	0	0	WEEKEND	\N	\N	f	2026-02-27 18:46:00.767583	2026-02-27 18:46:00.767583
bfb5c207-3f27-46cf-b5a1-2019ff02284c	11111111-1111-1111-1111-111111111111	2026-03-09	11111111-1111-1111-1111-111111111111	2026-03-09 08:00:00	2026-03-09 17:00:00	8.00	0.00	480	0	0	0	WORKING	\N	\N	f	2026-02-27 18:46:00.767583	2026-02-27 18:46:00.767583
97637c4b-7426-431d-bd07-3894fef289a1	22222222-2222-2222-2222-222222222222	2026-03-09	22222222-2222-2222-2222-222222222222	2026-03-09 08:00:00	2026-03-09 17:00:00	8.00	0.00	480	0	0	0	WORKING	\N	\N	f	2026-02-27 18:46:00.767583	2026-02-27 18:46:00.767583
a74594b3-7562-4a3c-8379-67e3d63b8575	33333333-3333-3333-3333-333333333333	2026-03-09	33333333-3333-3333-3333-333333333333	2026-03-09 08:00:00	2026-03-09 17:00:00	8.00	0.00	480	0	0	0	WORKING	\N	\N	f	2026-02-27 18:46:00.767583	2026-02-27 18:46:00.767583
fa245e23-1c6f-4fd9-a51f-ca7cbd36bd9a	44444444-4444-4444-4444-444444444444	2026-03-09	44444444-4444-4444-4444-444444444444	2026-03-09 08:00:00	2026-03-09 17:00:00	8.00	0.00	480	0	0	0	WORKING	\N	\N	f	2026-02-27 18:46:00.767583	2026-02-27 18:46:00.767583
6f3a64d4-edff-4b68-b3e4-1da5fddfbd99	55555555-5555-5555-5555-555555555555	2026-03-09	55555555-5555-5555-5555-555555555555	2026-03-09 08:00:00	2026-03-09 17:00:00	8.00	0.00	480	0	0	0	WORKING	\N	\N	f	2026-02-27 18:46:00.767583	2026-02-27 18:46:00.767583
173d4de7-9fd1-4ff2-a69c-1f7fa2d671af	11111111-1111-1111-1111-111111111111	2026-03-11	11111111-1111-1111-1111-111111111111	2026-03-11 08:00:00	2026-03-11 17:00:00	8.00	0.00	480	0	0	0	WORKING	\N	\N	f	2026-02-27 18:46:00.767583	2026-02-27 18:46:00.767583
82f16d96-5987-4faf-9d4e-4decac074fc4	22222222-2222-2222-2222-222222222222	2026-03-11	22222222-2222-2222-2222-222222222222	2026-03-11 08:00:00	2026-03-11 17:00:00	8.00	0.00	480	0	0	0	WORKING	\N	\N	f	2026-02-27 18:46:00.767583	2026-02-27 18:46:00.767583
37658332-93d2-4d12-ae3f-695e653d452e	11111111-1111-1111-1111-111111111111	2026-03-03	11111111-1111-1111-1111-111111111111	2026-03-03 08:30:00	2026-03-03 17:00:00	7.50	0.00	450	0	30	0	WORKING	\N	\N	f	2026-02-27 18:46:00.767583	2026-02-27 18:46:00.767583
8a0a35c3-7e44-44c2-93f2-3965231ed3bf	22222222-2222-2222-2222-222222222222	2026-03-03	22222222-2222-2222-2222-222222222222	2026-03-03 08:30:00	2026-03-03 17:00:00	7.50	0.00	450	0	30	0	WORKING	\N	\N	f	2026-02-27 18:46:00.767583	2026-02-27 18:46:00.767583
b2b768f3-d99b-4e99-a480-2cad9fde4a8c	33333333-3333-3333-3333-333333333333	2026-03-03	33333333-3333-3333-3333-333333333333	2026-03-03 08:30:00	2026-03-03 17:00:00	7.50	0.00	450	0	30	0	WORKING	\N	\N	f	2026-02-27 18:46:00.767583	2026-02-27 18:46:00.767583
abcccdbe-95c3-4608-bc75-274aa1c7aaa9	44444444-4444-4444-4444-444444444444	2026-03-03	44444444-4444-4444-4444-444444444444	2026-03-03 08:30:00	2026-03-03 17:00:00	7.50	0.00	450	0	30	0	WORKING	\N	\N	f	2026-02-27 18:46:00.767583	2026-02-27 18:46:00.767583
8224b743-3139-4665-a0d9-c59a84fea522	33333333-3333-3333-3333-333333333333	2026-03-11	33333333-3333-3333-3333-333333333333	2026-03-11 08:00:00	2026-03-11 17:00:00	8.00	0.00	480	0	0	0	WORKING	\N	\N	f	2026-02-27 18:46:00.767583	2026-02-27 18:46:00.767583
8b90eb7f-bcb0-4269-afd5-9e7bdd0e4270	44444444-4444-4444-4444-444444444444	2026-03-11	44444444-4444-4444-4444-444444444444	2026-03-11 08:00:00	2026-03-11 17:00:00	8.00	0.00	480	0	0	0	WORKING	\N	\N	f	2026-02-27 18:46:00.767583	2026-02-27 18:46:00.767583
fb1ad09d-9f7b-4ec8-a5a8-4f5c8e7788d6	55555555-5555-5555-5555-555555555555	2026-03-11	55555555-5555-5555-5555-555555555555	2026-03-11 08:00:00	2026-03-11 17:00:00	8.00	0.00	480	0	0	0	WORKING	\N	\N	f	2026-02-27 18:46:00.767583	2026-02-27 18:46:00.767583
3284e28d-56bf-4c4a-9be1-1f3318291a42	11111111-1111-1111-1111-111111111111	2026-03-12	11111111-1111-1111-1111-111111111111	2026-03-12 08:00:00	2026-03-12 17:00:00	8.00	0.00	480	0	0	0	WORKING	\N	\N	f	2026-02-27 18:46:00.767583	2026-02-27 18:46:00.767583
ff790204-6535-40e1-9839-bea1883f3c28	22222222-2222-2222-2222-222222222222	2026-03-12	22222222-2222-2222-2222-222222222222	2026-03-12 08:00:00	2026-03-12 17:00:00	8.00	0.00	480	0	0	0	WORKING	\N	\N	f	2026-02-27 18:46:00.767583	2026-02-27 18:46:00.767583
887cf7db-d6fc-4e80-9c2b-dd17ca7df827	33333333-3333-3333-3333-333333333333	2026-03-12	33333333-3333-3333-3333-333333333333	2026-03-12 08:00:00	2026-03-12 17:00:00	8.00	0.00	480	0	0	0	WORKING	\N	\N	f	2026-02-27 18:46:00.767583	2026-02-27 18:46:00.767583
286416d2-cdf8-4a36-8409-775a862c4bca	44444444-4444-4444-4444-444444444444	2026-03-12	44444444-4444-4444-4444-444444444444	2026-03-12 08:00:00	2026-03-12 17:00:00	8.00	0.00	480	0	0	0	WORKING	\N	\N	f	2026-02-27 18:46:00.767583	2026-02-27 18:46:00.767583
f8514cd7-240d-4d29-b2cf-e382bd3bd97b	55555555-5555-5555-5555-555555555555	2026-03-12	55555555-5555-5555-5555-555555555555	2026-03-12 08:00:00	2026-03-12 17:00:00	8.00	0.00	480	0	0	0	WORKING	\N	\N	f	2026-02-27 18:46:00.767583	2026-02-27 18:46:00.767583
ea4d2438-efea-4c37-a09e-d9cf81d41947	11111111-1111-1111-1111-111111111111	2026-03-13	11111111-1111-1111-1111-111111111111	2026-03-13 08:00:00	2026-03-13 17:00:00	8.00	0.00	480	0	0	0	WORKING	\N	\N	f	2026-02-27 18:46:00.767583	2026-02-27 18:46:00.767583
b380d8e0-4144-4cc3-aa04-96e8c13ec221	22222222-2222-2222-2222-222222222222	2026-03-13	22222222-2222-2222-2222-222222222222	2026-03-13 08:00:00	2026-03-13 17:00:00	8.00	0.00	480	0	0	0	WORKING	\N	\N	f	2026-02-27 18:46:00.767583	2026-02-27 18:46:00.767583
27dd207e-e0ef-4c32-95c1-6e147f046439	33333333-3333-3333-3333-333333333333	2026-03-13	33333333-3333-3333-3333-333333333333	2026-03-13 08:00:00	2026-03-13 17:00:00	8.00	0.00	480	0	0	0	WORKING	\N	\N	f	2026-02-27 18:46:00.767583	2026-02-27 18:46:00.767583
6f9dabf8-94d9-421f-99e2-326691c639c5	44444444-4444-4444-4444-444444444444	2026-03-13	44444444-4444-4444-4444-444444444444	2026-03-13 08:00:00	2026-03-13 17:00:00	8.00	0.00	480	0	0	0	WORKING	\N	\N	f	2026-02-27 18:46:00.767583	2026-02-27 18:46:00.767583
91031b92-42b5-4f15-aa5c-a7a5a053cf62	55555555-5555-5555-5555-555555555555	2026-03-13	55555555-5555-5555-5555-555555555555	2026-03-13 08:00:00	2026-03-13 17:00:00	8.00	0.00	480	0	0	0	WORKING	\N	\N	f	2026-02-27 18:46:00.767583	2026-02-27 18:46:00.767583
6205f1bf-ee47-47c7-b74d-4753a4919133	11111111-1111-1111-1111-111111111111	2026-03-14	11111111-1111-1111-1111-111111111111	\N	\N	0.00	0.00	0	0	0	0	WEEKEND	\N	\N	f	2026-02-27 18:46:00.767583	2026-02-27 18:46:00.767583
7d5d4180-d1ab-4d20-a622-2809db78f12b	22222222-2222-2222-2222-222222222222	2026-03-14	22222222-2222-2222-2222-222222222222	\N	\N	0.00	0.00	0	0	0	0	WEEKEND	\N	\N	f	2026-02-27 18:46:00.767583	2026-02-27 18:46:00.767583
29f5a188-8617-4602-9cd5-8a15aa5c2543	33333333-3333-3333-3333-333333333333	2026-03-14	33333333-3333-3333-3333-333333333333	\N	\N	0.00	0.00	0	0	0	0	WEEKEND	\N	\N	f	2026-02-27 18:46:00.767583	2026-02-27 18:46:00.767583
5e4306d6-63fb-486d-99b9-454544d4096d	44444444-4444-4444-4444-444444444444	2026-03-14	44444444-4444-4444-4444-444444444444	\N	\N	0.00	0.00	0	0	0	0	WEEKEND	\N	\N	f	2026-02-27 18:46:00.767583	2026-02-27 18:46:00.767583
b9e32b33-dd42-4fef-bb01-d5a63a6d900c	55555555-5555-5555-5555-555555555555	2026-03-14	55555555-5555-5555-5555-555555555555	\N	\N	0.00	0.00	0	0	0	0	WEEKEND	\N	\N	f	2026-02-27 18:46:00.767583	2026-02-27 18:46:00.767583
f8471c19-1fc0-41ba-9bae-1ad44d76cf4e	11111111-1111-1111-1111-111111111111	2026-03-16	11111111-1111-1111-1111-111111111111	2026-03-16 08:00:00	2026-03-16 17:00:00	8.00	0.00	480	0	0	0	WORKING	\N	\N	f	2026-02-27 18:46:00.767583	2026-02-27 18:46:00.767583
ed0415c4-ac14-409a-b41d-d9309e391601	22222222-2222-2222-2222-222222222222	2026-03-16	22222222-2222-2222-2222-222222222222	2026-03-16 08:00:00	2026-03-16 17:00:00	8.00	0.00	480	0	0	0	WORKING	\N	\N	f	2026-02-27 18:46:00.767583	2026-02-27 18:46:00.767583
36e50a26-2800-41ca-b8ce-0eec603acc28	33333333-3333-3333-3333-333333333333	2026-03-16	33333333-3333-3333-3333-333333333333	2026-03-16 08:00:00	2026-03-16 17:00:00	8.00	0.00	480	0	0	0	WORKING	\N	\N	f	2026-02-27 18:46:00.767583	2026-02-27 18:46:00.767583
5675359a-9043-471a-8540-5188c0a1a1b2	44444444-4444-4444-4444-444444444444	2026-03-16	44444444-4444-4444-4444-444444444444	2026-03-16 08:00:00	2026-03-16 17:00:00	8.00	0.00	480	0	0	0	WORKING	\N	\N	f	2026-02-27 18:46:00.767583	2026-02-27 18:46:00.767583
eaf596f9-0172-4b0f-a116-bdd55db6e1b0	55555555-5555-5555-5555-555555555555	2026-03-16	55555555-5555-5555-5555-555555555555	2026-03-16 08:00:00	2026-03-16 17:00:00	8.00	0.00	480	0	0	0	WORKING	\N	\N	f	2026-02-27 18:46:00.767583	2026-02-27 18:46:00.767583
98447f1f-49ea-4a67-85b3-7cf0c8b548fa	11111111-1111-1111-1111-111111111111	2026-03-17	11111111-1111-1111-1111-111111111111	2026-03-17 08:00:00	2026-03-17 17:00:00	8.00	0.00	480	0	0	0	WORKING	\N	\N	f	2026-02-27 18:46:00.767583	2026-02-27 18:46:00.767583
caebbe87-8769-4b2e-9608-aa894e313569	22222222-2222-2222-2222-222222222222	2026-03-17	22222222-2222-2222-2222-222222222222	2026-03-17 08:00:00	2026-03-17 17:00:00	8.00	0.00	480	0	0	0	WORKING	\N	\N	f	2026-02-27 18:46:00.767583	2026-02-27 18:46:00.767583
ca02e781-e928-4c61-a2b7-7df45d6b35fe	33333333-3333-3333-3333-333333333333	2026-03-17	33333333-3333-3333-3333-333333333333	2026-03-17 08:00:00	2026-03-17 17:00:00	8.00	0.00	480	0	0	0	WORKING	\N	\N	f	2026-02-27 18:46:00.767583	2026-02-27 18:46:00.767583
1923278c-b404-4463-a65f-1a93f1a03678	44444444-4444-4444-4444-444444444444	2026-03-17	44444444-4444-4444-4444-444444444444	2026-03-17 08:00:00	2026-03-17 17:00:00	8.00	0.00	480	0	0	0	WORKING	\N	\N	f	2026-02-27 18:46:00.767583	2026-02-27 18:46:00.767583
aba8e7c2-2d46-4b15-b8bf-bcc27be078db	55555555-5555-5555-5555-555555555555	2026-03-17	55555555-5555-5555-5555-555555555555	2026-03-17 08:00:00	2026-03-17 17:00:00	8.00	0.00	480	0	0	0	WORKING	\N	\N	f	2026-02-27 18:46:00.767583	2026-02-27 18:46:00.767583
8ca2c8c4-3278-4c8a-a362-0e374c074a5e	11111111-1111-1111-1111-111111111111	2026-03-18	11111111-1111-1111-1111-111111111111	2026-03-18 08:00:00	2026-03-18 17:00:00	8.00	0.00	480	0	0	0	WORKING	\N	\N	f	2026-02-27 18:46:00.767583	2026-02-27 18:46:00.767583
5a2e5c84-09c3-4253-a429-51f7193ea71f	22222222-2222-2222-2222-222222222222	2026-03-18	22222222-2222-2222-2222-222222222222	2026-03-18 08:00:00	2026-03-18 17:00:00	8.00	0.00	480	0	0	0	WORKING	\N	\N	f	2026-02-27 18:46:00.767583	2026-02-27 18:46:00.767583
bdcf00d9-9276-44aa-855f-810b2b11355e	33333333-3333-3333-3333-333333333333	2026-03-18	33333333-3333-3333-3333-333333333333	2026-03-18 08:00:00	2026-03-18 17:00:00	8.00	0.00	480	0	0	0	WORKING	\N	\N	f	2026-02-27 18:46:00.767583	2026-02-27 18:46:00.767583
f9fab89f-2c56-4123-8de2-4af1d3b48be0	44444444-4444-4444-4444-444444444444	2026-03-18	44444444-4444-4444-4444-444444444444	2026-03-18 08:00:00	2026-03-18 17:00:00	8.00	0.00	480	0	0	0	WORKING	\N	\N	f	2026-02-27 18:46:00.767583	2026-02-27 18:46:00.767583
2d640b77-8f07-4128-82f5-e578283a54a5	55555555-5555-5555-5555-555555555555	2026-03-18	55555555-5555-5555-5555-555555555555	2026-03-18 08:00:00	2026-03-18 17:00:00	8.00	0.00	480	0	0	0	WORKING	\N	\N	f	2026-02-27 18:46:00.767583	2026-02-27 18:46:00.767583
0404f5cb-db17-47e9-8957-130d564d71f5	11111111-1111-1111-1111-111111111111	2026-03-19	11111111-1111-1111-1111-111111111111	2026-03-19 08:00:00	2026-03-19 17:00:00	8.00	0.00	480	0	0	0	WORKING	\N	\N	f	2026-02-27 18:46:00.767583	2026-02-27 18:46:00.767583
3f87d670-4f4a-4864-93a4-f680cbaecaca	22222222-2222-2222-2222-222222222222	2026-03-19	22222222-2222-2222-2222-222222222222	2026-03-19 08:00:00	2026-03-19 17:00:00	8.00	0.00	480	0	0	0	WORKING	\N	\N	f	2026-02-27 18:46:00.767583	2026-02-27 18:46:00.767583
c6788277-7191-4652-80e6-13483a1a66e6	33333333-3333-3333-3333-333333333333	2026-03-19	33333333-3333-3333-3333-333333333333	2026-03-19 08:00:00	2026-03-19 17:00:00	8.00	0.00	480	0	0	0	WORKING	\N	\N	f	2026-02-27 18:46:00.767583	2026-02-27 18:46:00.767583
a52e1a24-5172-4ec0-8024-3a3ba98f9d48	44444444-4444-4444-4444-444444444444	2026-03-19	44444444-4444-4444-4444-444444444444	2026-03-19 08:00:00	2026-03-19 17:00:00	8.00	0.00	480	0	0	0	WORKING	\N	\N	f	2026-02-27 18:46:00.767583	2026-02-27 18:46:00.767583
584d6ed7-bd0d-4a00-b138-0709b461d7ef	55555555-5555-5555-5555-555555555555	2026-03-19	55555555-5555-5555-5555-555555555555	2026-03-19 08:00:00	2026-03-19 17:00:00	8.00	0.00	480	0	0	0	WORKING	\N	\N	f	2026-02-27 18:46:00.767583	2026-02-27 18:46:00.767583
00b5dc12-991f-4df5-af91-206e2d3165e7	11111111-1111-1111-1111-111111111111	2026-03-21	11111111-1111-1111-1111-111111111111	\N	\N	0.00	0.00	0	0	0	0	WEEKEND	\N	\N	f	2026-02-27 18:46:00.767583	2026-02-27 18:46:00.767583
55c60a0c-8a90-4daa-8d96-5afd058366eb	22222222-2222-2222-2222-222222222222	2026-03-21	22222222-2222-2222-2222-222222222222	\N	\N	0.00	0.00	0	0	0	0	WEEKEND	\N	\N	f	2026-02-27 18:46:00.767583	2026-02-27 18:46:00.767583
f306e04c-4f38-49a3-bf8a-0f506b8a88df	33333333-3333-3333-3333-333333333333	2026-03-21	33333333-3333-3333-3333-333333333333	\N	\N	0.00	0.00	0	0	0	0	WEEKEND	\N	\N	f	2026-02-27 18:46:00.767583	2026-02-27 18:46:00.767583
02a77cbe-8f29-4393-ba59-4a0d11ed5682	11111111-1111-1111-1111-111111111111	2026-03-20	11111111-1111-1111-1111-111111111111	\N	\N	0.00	0.00	0	0	0	0	ABSENT	\N	\N	f	2026-02-27 18:46:00.767583	2026-02-27 18:46:00.767583
6349e848-328a-47cd-848b-41a426df0954	22222222-2222-2222-2222-222222222222	2026-03-20	22222222-2222-2222-2222-222222222222	\N	\N	0.00	0.00	0	0	0	0	ABSENT	\N	\N	f	2026-02-27 18:46:00.767583	2026-02-27 18:46:00.767583
a4a5b2bd-0568-4cb7-b42f-136764c1a897	33333333-3333-3333-3333-333333333333	2026-03-20	33333333-3333-3333-3333-333333333333	\N	\N	0.00	0.00	0	0	0	0	ABSENT	\N	\N	f	2026-02-27 18:46:00.767583	2026-02-27 18:46:00.767583
dbb296da-72ba-4c79-bf8f-766b7def44f1	44444444-4444-4444-4444-444444444444	2026-03-20	44444444-4444-4444-4444-444444444444	\N	\N	0.00	0.00	0	0	0	0	ABSENT	\N	\N	f	2026-02-27 18:46:00.767583	2026-02-27 18:46:00.767583
0e8d3f49-71aa-4902-bbb5-a31223f8fafa	55555555-5555-5555-5555-555555555555	2026-03-20	55555555-5555-5555-5555-555555555555	\N	\N	0.00	0.00	0	0	0	0	ABSENT	\N	\N	f	2026-02-27 18:46:00.767583	2026-02-27 18:46:00.767583
c0cfe419-844b-459b-a74e-86217b0ad369	44444444-4444-4444-4444-444444444444	2026-03-21	44444444-4444-4444-4444-444444444444	\N	\N	0.00	0.00	0	0	0	0	WEEKEND	\N	\N	f	2026-02-27 18:46:00.767583	2026-02-27 18:46:00.767583
e661cd1f-47b9-4712-9e5c-bdf987ff3a75	55555555-5555-5555-5555-555555555555	2026-03-21	55555555-5555-5555-5555-555555555555	\N	\N	0.00	0.00	0	0	0	0	WEEKEND	\N	\N	f	2026-02-27 18:46:00.767583	2026-02-27 18:46:00.767583
c6c66518-ccd1-41ba-91ab-99c2974e0f75	11111111-1111-1111-1111-111111111111	2026-03-22	11111111-1111-1111-1111-111111111111	\N	\N	0.00	0.00	0	0	0	0	WEEKEND	\N	\N	f	2026-02-27 18:46:00.767583	2026-02-27 18:46:00.767583
a4eaaf03-f9e5-43dd-8e83-d3adbfe50048	22222222-2222-2222-2222-222222222222	2026-03-22	22222222-2222-2222-2222-222222222222	\N	\N	0.00	0.00	0	0	0	0	WEEKEND	\N	\N	f	2026-02-27 18:46:00.767583	2026-02-27 18:46:00.767583
cd05300f-64f6-4307-9844-08e8a3db39da	33333333-3333-3333-3333-333333333333	2026-03-22	33333333-3333-3333-3333-333333333333	\N	\N	0.00	0.00	0	0	0	0	WEEKEND	\N	\N	f	2026-02-27 18:46:00.767583	2026-02-27 18:46:00.767583
0f8c7132-814c-42c7-b9d9-637913e7b2cb	44444444-4444-4444-4444-444444444444	2026-03-22	44444444-4444-4444-4444-444444444444	\N	\N	0.00	0.00	0	0	0	0	WEEKEND	\N	\N	f	2026-02-27 18:46:00.767583	2026-02-27 18:46:00.767583
09c6de30-d146-48d7-ba7c-c32ba4b2e456	55555555-5555-5555-5555-555555555555	2026-03-22	55555555-5555-5555-5555-555555555555	\N	\N	0.00	0.00	0	0	0	0	WEEKEND	\N	\N	f	2026-02-27 18:46:00.767583	2026-02-27 18:46:00.767583
e624f6fa-75e9-4521-9155-f1ebd9044bd8	11111111-1111-1111-1111-111111111111	2026-03-23	11111111-1111-1111-1111-111111111111	2026-03-23 08:00:00	2026-03-23 17:00:00	8.00	0.00	480	0	0	0	WORKING	\N	\N	f	2026-02-27 18:46:00.767583	2026-02-27 18:46:00.767583
4febe42b-549e-411d-9352-0d32f524ee9b	22222222-2222-2222-2222-222222222222	2026-03-23	22222222-2222-2222-2222-222222222222	2026-03-23 08:00:00	2026-03-23 17:00:00	8.00	0.00	480	0	0	0	WORKING	\N	\N	f	2026-02-27 18:46:00.767583	2026-02-27 18:46:00.767583
49d392f1-609d-4c23-a1c7-7b3cd5d2a5bc	33333333-3333-3333-3333-333333333333	2026-03-23	33333333-3333-3333-3333-333333333333	2026-03-23 08:00:00	2026-03-23 17:00:00	8.00	0.00	480	0	0	0	WORKING	\N	\N	f	2026-02-27 18:46:00.767583	2026-02-27 18:46:00.767583
3b3a8263-75a5-446a-aa1d-64e15179bffd	44444444-4444-4444-4444-444444444444	2026-03-23	44444444-4444-4444-4444-444444444444	2026-03-23 08:00:00	2026-03-23 17:00:00	8.00	0.00	480	0	0	0	WORKING	\N	\N	f	2026-02-27 18:46:00.767583	2026-02-27 18:46:00.767583
1aafae68-43bd-41ae-9d9b-efcfdca6092f	55555555-5555-5555-5555-555555555555	2026-03-23	55555555-5555-5555-5555-555555555555	2026-03-23 08:00:00	2026-03-23 17:00:00	8.00	0.00	480	0	0	0	WORKING	\N	\N	f	2026-02-27 18:46:00.767583	2026-02-27 18:46:00.767583
bf1c3b2c-4f17-4f09-8b8b-d1175f4eeca4	11111111-1111-1111-1111-111111111111	2026-03-24	11111111-1111-1111-1111-111111111111	2026-03-24 08:00:00	2026-03-24 17:00:00	8.00	0.00	480	0	0	0	WORKING	\N	\N	f	2026-02-27 18:46:00.767583	2026-02-27 18:46:00.767583
9ef3ada7-9fd2-419b-8876-238b3478c2a4	22222222-2222-2222-2222-222222222222	2026-03-24	22222222-2222-2222-2222-222222222222	2026-03-24 08:00:00	2026-03-24 17:00:00	8.00	0.00	480	0	0	0	WORKING	\N	\N	f	2026-02-27 18:46:00.767583	2026-02-27 18:46:00.767583
7993b01e-c4d3-4d7c-8376-656b4f0677f0	33333333-3333-3333-3333-333333333333	2026-03-24	33333333-3333-3333-3333-333333333333	2026-03-24 08:00:00	2026-03-24 17:00:00	8.00	0.00	480	0	0	0	WORKING	\N	\N	f	2026-02-27 18:46:00.767583	2026-02-27 18:46:00.767583
f0e89d45-20b5-4a86-964c-f2b7888a277b	44444444-4444-4444-4444-444444444444	2026-03-24	44444444-4444-4444-4444-444444444444	2026-03-24 08:00:00	2026-03-24 17:00:00	8.00	0.00	480	0	0	0	WORKING	\N	\N	f	2026-02-27 18:46:00.767583	2026-02-27 18:46:00.767583
19252e0d-e7d6-4288-a179-051f757ed6f5	55555555-5555-5555-5555-555555555555	2026-03-24	55555555-5555-5555-5555-555555555555	2026-03-24 08:00:00	2026-03-24 17:00:00	8.00	0.00	480	0	0	0	WORKING	\N	\N	f	2026-02-27 18:46:00.767583	2026-02-27 18:46:00.767583
2c383881-398d-4f73-98b0-55d1eaf5165f	11111111-1111-1111-1111-111111111111	2026-03-25	11111111-1111-1111-1111-111111111111	2026-03-25 08:00:00	2026-03-25 17:00:00	8.00	0.00	480	0	0	0	WORKING	\N	\N	f	2026-02-27 18:46:00.767583	2026-02-27 18:46:00.767583
90915d5a-718e-4c8f-844a-43fe3ae92c70	22222222-2222-2222-2222-222222222222	2026-03-25	22222222-2222-2222-2222-222222222222	2026-03-25 08:00:00	2026-03-25 17:00:00	8.00	0.00	480	0	0	0	WORKING	\N	\N	f	2026-02-27 18:46:00.767583	2026-02-27 18:46:00.767583
232c9a32-063e-4fc6-9791-4875edf8ba6d	33333333-3333-3333-3333-333333333333	2026-03-25	33333333-3333-3333-3333-333333333333	2026-03-25 08:00:00	2026-03-25 17:00:00	8.00	0.00	480	0	0	0	WORKING	\N	\N	f	2026-02-27 18:46:00.767583	2026-02-27 18:46:00.767583
f63e0404-0535-4b97-b5e4-1f6f7fa11c80	44444444-4444-4444-4444-444444444444	2026-03-25	44444444-4444-4444-4444-444444444444	2026-03-25 08:00:00	2026-03-25 17:00:00	8.00	0.00	480	0	0	0	WORKING	\N	\N	f	2026-02-27 18:46:00.767583	2026-02-27 18:46:00.767583
084fa740-35ea-4a8d-8aea-cf5ce31e045e	55555555-5555-5555-5555-555555555555	2026-03-25	55555555-5555-5555-5555-555555555555	2026-03-25 08:00:00	2026-03-25 17:00:00	8.00	0.00	480	0	0	0	WORKING	\N	\N	f	2026-02-27 18:46:00.767583	2026-02-27 18:46:00.767583
f2f0855d-f4d9-43f5-98e6-b247007b4f3d	11111111-1111-1111-1111-111111111111	2026-03-26	11111111-1111-1111-1111-111111111111	2026-03-26 08:00:00	2026-03-26 17:00:00	8.00	0.00	480	0	0	0	WORKING	\N	\N	f	2026-02-27 18:46:00.767583	2026-02-27 18:46:00.767583
1df346de-4b72-4040-8ae3-3166d48630dd	22222222-2222-2222-2222-222222222222	2026-03-26	22222222-2222-2222-2222-222222222222	2026-03-26 08:00:00	2026-03-26 17:00:00	8.00	0.00	480	0	0	0	WORKING	\N	\N	f	2026-02-27 18:46:00.767583	2026-02-27 18:46:00.767583
6cd2b8dd-8b2a-4fa7-a501-404bd4ee2ddb	33333333-3333-3333-3333-333333333333	2026-03-26	33333333-3333-3333-3333-333333333333	2026-03-26 08:00:00	2026-03-26 17:00:00	8.00	0.00	480	0	0	0	WORKING	\N	\N	f	2026-02-27 18:46:00.767583	2026-02-27 18:46:00.767583
7f4e9467-bee5-4954-849b-ead07d64ff72	44444444-4444-4444-4444-444444444444	2026-03-26	44444444-4444-4444-4444-444444444444	2026-03-26 08:00:00	2026-03-26 17:00:00	8.00	0.00	480	0	0	0	WORKING	\N	\N	f	2026-02-27 18:46:00.767583	2026-02-27 18:46:00.767583
75d75ee3-387f-4387-86f9-7bab6496f0af	55555555-5555-5555-5555-555555555555	2026-03-26	55555555-5555-5555-5555-555555555555	2026-03-26 08:00:00	2026-03-26 17:00:00	8.00	0.00	480	0	0	0	WORKING	\N	\N	f	2026-02-27 18:46:00.767583	2026-02-27 18:46:00.767583
7d3e289e-5222-48bb-a409-486c925896d7	11111111-1111-1111-1111-111111111111	2026-03-27	11111111-1111-1111-1111-111111111111	2026-03-27 08:00:00	2026-03-27 17:00:00	8.00	0.00	480	0	0	0	WORKING	\N	\N	f	2026-02-27 18:46:00.767583	2026-02-27 18:46:00.767583
e3b4f513-3f9f-47b7-b02f-060e26ad538f	22222222-2222-2222-2222-222222222222	2026-03-27	22222222-2222-2222-2222-222222222222	2026-03-27 08:00:00	2026-03-27 17:00:00	8.00	0.00	480	0	0	0	WORKING	\N	\N	f	2026-02-27 18:46:00.767583	2026-02-27 18:46:00.767583
18bc5ca0-f4ed-4178-931a-5027f83dd8ae	33333333-3333-3333-3333-333333333333	2026-03-27	33333333-3333-3333-3333-333333333333	2026-03-27 08:00:00	2026-03-27 17:00:00	8.00	0.00	480	0	0	0	WORKING	\N	\N	f	2026-02-27 18:46:00.767583	2026-02-27 18:46:00.767583
0e85c360-3711-4349-81b3-5027730fe428	44444444-4444-4444-4444-444444444444	2026-03-27	44444444-4444-4444-4444-444444444444	2026-03-27 08:00:00	2026-03-27 17:00:00	8.00	0.00	480	0	0	0	WORKING	\N	\N	f	2026-02-27 18:46:00.767583	2026-02-27 18:46:00.767583
fceb7f33-cf47-4cd2-9289-0997307cf79f	55555555-5555-5555-5555-555555555555	2026-03-27	55555555-5555-5555-5555-555555555555	2026-03-27 08:00:00	2026-03-27 17:00:00	8.00	0.00	480	0	0	0	WORKING	\N	\N	f	2026-02-27 18:46:00.767583	2026-02-27 18:46:00.767583
f79a973e-2860-4563-8fd2-c7ac2a1c7e13	11111111-1111-1111-1111-111111111111	2026-03-28	11111111-1111-1111-1111-111111111111	\N	\N	0.00	0.00	0	0	0	0	WEEKEND	\N	\N	f	2026-02-27 18:46:00.767583	2026-02-27 18:46:00.767583
452f60c5-2bd4-47c5-83cf-2cee07c37637	22222222-2222-2222-2222-222222222222	2026-03-28	22222222-2222-2222-2222-222222222222	\N	\N	0.00	0.00	0	0	0	0	WEEKEND	\N	\N	f	2026-02-27 18:46:00.767583	2026-02-27 18:46:00.767583
2b7a4ae6-8f3f-43ac-8aad-3ef12f3b6ce6	33333333-3333-3333-3333-333333333333	2026-03-28	33333333-3333-3333-3333-333333333333	\N	\N	0.00	0.00	0	0	0	0	WEEKEND	\N	\N	f	2026-02-27 18:46:00.767583	2026-02-27 18:46:00.767583
797195fb-2e59-4ec1-81d2-b9201909d835	44444444-4444-4444-4444-444444444444	2026-03-28	44444444-4444-4444-4444-444444444444	\N	\N	0.00	0.00	0	0	0	0	WEEKEND	\N	\N	f	2026-02-27 18:46:00.767583	2026-02-27 18:46:00.767583
d656b688-3152-49b4-ba94-e0f32dfd20db	55555555-5555-5555-5555-555555555555	2026-03-28	55555555-5555-5555-5555-555555555555	\N	\N	0.00	0.00	0	0	0	0	WEEKEND	\N	\N	f	2026-02-27 18:46:00.767583	2026-02-27 18:46:00.767583
341ea7d5-d1d4-4f5c-bce6-86b849be6c3b	11111111-1111-1111-1111-111111111111	2026-03-29	11111111-1111-1111-1111-111111111111	\N	\N	0.00	0.00	0	0	0	0	WEEKEND	\N	\N	f	2026-02-27 18:46:00.767583	2026-02-27 18:46:00.767583
67f27840-148f-41df-b880-0ee605f3942a	22222222-2222-2222-2222-222222222222	2026-03-29	22222222-2222-2222-2222-222222222222	\N	\N	0.00	0.00	0	0	0	0	WEEKEND	\N	\N	f	2026-02-27 18:46:00.767583	2026-02-27 18:46:00.767583
71599648-0b80-4c37-a6d0-035c3a873d1f	33333333-3333-3333-3333-333333333333	2026-03-29	33333333-3333-3333-3333-333333333333	\N	\N	0.00	0.00	0	0	0	0	WEEKEND	\N	\N	f	2026-02-27 18:46:00.767583	2026-02-27 18:46:00.767583
ead67a9a-95e2-484f-b29b-87fd10f94005	44444444-4444-4444-4444-444444444444	2026-03-29	44444444-4444-4444-4444-444444444444	\N	\N	0.00	0.00	0	0	0	0	WEEKEND	\N	\N	f	2026-02-27 18:46:00.767583	2026-02-27 18:46:00.767583
97b1af5c-cd3c-4514-8639-8d54016427b1	55555555-5555-5555-5555-555555555555	2026-03-29	55555555-5555-5555-5555-555555555555	\N	\N	0.00	0.00	0	0	0	0	WEEKEND	\N	\N	f	2026-02-27 18:46:00.767583	2026-02-27 18:46:00.767583
af70fee1-8a5f-4c8c-aa90-6eb836dcff63	11111111-1111-1111-1111-111111111111	2026-03-30	11111111-1111-1111-1111-111111111111	2026-03-30 08:00:00	2026-03-30 17:00:00	8.00	0.00	480	0	0	0	WORKING	\N	\N	f	2026-02-27 18:46:00.767583	2026-02-27 18:46:00.767583
421dfc46-da79-4b18-8d45-26edfa8a71e0	22222222-2222-2222-2222-222222222222	2026-03-30	22222222-2222-2222-2222-222222222222	2026-03-30 08:00:00	2026-03-30 17:00:00	8.00	0.00	480	0	0	0	WORKING	\N	\N	f	2026-02-27 18:46:00.767583	2026-02-27 18:46:00.767583
950dacd8-1819-4bb7-956f-609e1cd479aa	33333333-3333-3333-3333-333333333333	2026-03-30	33333333-3333-3333-3333-333333333333	2026-03-30 08:00:00	2026-03-30 17:00:00	8.00	0.00	480	0	0	0	WORKING	\N	\N	f	2026-02-27 18:46:00.767583	2026-02-27 18:46:00.767583
6dfaf1b2-d043-4280-8ff4-712cd27e5557	44444444-4444-4444-4444-444444444444	2026-03-30	44444444-4444-4444-4444-444444444444	2026-03-30 08:00:00	2026-03-30 17:00:00	8.00	0.00	480	0	0	0	WORKING	\N	\N	f	2026-02-27 18:46:00.767583	2026-02-27 18:46:00.767583
3d40bf31-ae4d-4a3b-8a92-f48851ca14d5	55555555-5555-5555-5555-555555555555	2026-03-30	55555555-5555-5555-5555-555555555555	2026-03-30 08:00:00	2026-03-30 17:00:00	8.00	0.00	480	0	0	0	WORKING	\N	\N	f	2026-02-27 18:46:00.767583	2026-02-27 18:46:00.767583
be00d18f-1960-4e27-be2d-8fd5792e78d2	11111111-1111-1111-1111-111111111111	2026-03-31	11111111-1111-1111-1111-111111111111	2026-03-31 08:00:00	2026-03-31 17:00:00	8.00	0.00	480	0	0	0	WORKING	\N	\N	f	2026-02-27 18:46:00.767583	2026-02-27 18:46:00.767583
4dceb921-b369-4338-a3d9-e88fba7d79a8	22222222-2222-2222-2222-222222222222	2026-03-31	22222222-2222-2222-2222-222222222222	2026-03-31 08:00:00	2026-03-31 17:00:00	8.00	0.00	480	0	0	0	WORKING	\N	\N	f	2026-02-27 18:46:00.767583	2026-02-27 18:46:00.767583
783adfc1-4a79-4b6c-8d1c-e0fad1bb764a	33333333-3333-3333-3333-333333333333	2026-03-31	33333333-3333-3333-3333-333333333333	2026-03-31 08:00:00	2026-03-31 17:00:00	8.00	0.00	480	0	0	0	WORKING	\N	\N	f	2026-02-27 18:46:00.767583	2026-02-27 18:46:00.767583
07311689-5342-47db-8666-70d778aef56a	44444444-4444-4444-4444-444444444444	2026-03-31	44444444-4444-4444-4444-444444444444	2026-03-31 08:00:00	2026-03-31 17:00:00	8.00	0.00	480	0	0	0	WORKING	\N	\N	f	2026-02-27 18:46:00.767583	2026-02-27 18:46:00.767583
78c4cb35-4cef-4664-8970-af9b76164452	55555555-5555-5555-5555-555555555555	2026-03-31	55555555-5555-5555-5555-555555555555	2026-03-31 08:00:00	2026-03-31 17:00:00	8.00	0.00	480	0	0	0	WORKING	\N	\N	f	2026-02-27 18:46:00.767583	2026-02-27 18:46:00.767583
4fb3869e-4b3c-460a-9e90-fb069970aca8	11111111-1111-1111-1111-111111111111	2026-04-01	11111111-1111-1111-1111-111111111111	2026-04-01 08:00:00	2026-04-01 17:00:00	8.00	0.00	480	0	0	0	WORKING	\N	\N	f	2026-02-27 18:46:00.767583	2026-02-27 18:46:00.767583
26e2b620-6db4-4c8d-9b52-ccf393b853db	22222222-2222-2222-2222-222222222222	2026-04-01	22222222-2222-2222-2222-222222222222	2026-04-01 08:00:00	2026-04-01 17:00:00	8.00	0.00	480	0	0	0	WORKING	\N	\N	f	2026-02-27 18:46:00.767583	2026-02-27 18:46:00.767583
5dc18928-abc9-4358-bc6a-8c6290e4ca51	33333333-3333-3333-3333-333333333333	2026-04-01	33333333-3333-3333-3333-333333333333	2026-04-01 08:00:00	2026-04-01 17:00:00	8.00	0.00	480	0	0	0	WORKING	\N	\N	f	2026-02-27 18:46:00.767583	2026-02-27 18:46:00.767583
287f7f34-21b7-453b-b93b-a9e3e6ef80bd	44444444-4444-4444-4444-444444444444	2026-04-01	44444444-4444-4444-4444-444444444444	2026-04-01 08:00:00	2026-04-01 17:00:00	8.00	0.00	480	0	0	0	WORKING	\N	\N	f	2026-02-27 18:46:00.767583	2026-02-27 18:46:00.767583
0a2603fa-1a6e-438a-b501-4a66bbfbd7ad	55555555-5555-5555-5555-555555555555	2026-04-01	55555555-5555-5555-5555-555555555555	2026-04-01 08:00:00	2026-04-01 17:00:00	8.00	0.00	480	0	0	0	WORKING	\N	\N	f	2026-02-27 18:46:00.767583	2026-02-27 18:46:00.767583
a25f79a0-146b-46ed-9f9d-56c842d4b885	11111111-1111-1111-1111-111111111111	2026-04-02	11111111-1111-1111-1111-111111111111	2026-04-02 08:00:00	2026-04-02 17:00:00	8.00	0.00	480	0	0	0	WORKING	\N	\N	f	2026-02-27 18:46:00.767583	2026-02-27 18:46:00.767583
6f368b46-a2dc-41a6-b691-8ec38f2680c1	22222222-2222-2222-2222-222222222222	2026-04-02	22222222-2222-2222-2222-222222222222	2026-04-02 08:00:00	2026-04-02 17:00:00	8.00	0.00	480	0	0	0	WORKING	\N	\N	f	2026-02-27 18:46:00.767583	2026-02-27 18:46:00.767583
a4ac3698-39de-4234-841a-27dd3d3eef31	33333333-3333-3333-3333-333333333333	2026-04-02	33333333-3333-3333-3333-333333333333	2026-04-02 08:00:00	2026-04-02 17:00:00	8.00	0.00	480	0	0	0	WORKING	\N	\N	f	2026-02-27 18:46:00.767583	2026-02-27 18:46:00.767583
fcf507e2-1fac-4e9a-a8cd-cd63a018c2b4	44444444-4444-4444-4444-444444444444	2026-04-02	44444444-4444-4444-4444-444444444444	2026-04-02 08:00:00	2026-04-02 17:00:00	8.00	0.00	480	0	0	0	WORKING	\N	\N	f	2026-02-27 18:46:00.767583	2026-02-27 18:46:00.767583
5d4435d1-7467-4c6c-82b3-1b3356df9fb3	55555555-5555-5555-5555-555555555555	2026-04-02	55555555-5555-5555-5555-555555555555	2026-04-02 08:00:00	2026-04-02 17:00:00	8.00	0.00	480	0	0	0	WORKING	\N	\N	f	2026-02-27 18:46:00.767583	2026-02-27 18:46:00.767583
9a54f23c-c307-489e-b24f-25081ef6a6cc	11111111-1111-1111-1111-111111111111	2026-04-03	11111111-1111-1111-1111-111111111111	2026-04-03 08:00:00	2026-04-03 17:00:00	8.00	0.00	480	0	0	0	WORKING	\N	\N	f	2026-02-27 18:46:00.767583	2026-02-27 18:46:00.767583
30aa3e63-206c-4686-865e-18893bc17133	22222222-2222-2222-2222-222222222222	2026-04-03	22222222-2222-2222-2222-222222222222	2026-04-03 08:00:00	2026-04-03 17:00:00	8.00	0.00	480	0	0	0	WORKING	\N	\N	f	2026-02-27 18:46:00.767583	2026-02-27 18:46:00.767583
b46cfa90-f306-4e3f-9dd9-d4ac91347df7	33333333-3333-3333-3333-333333333333	2026-04-03	33333333-3333-3333-3333-333333333333	2026-04-03 08:00:00	2026-04-03 17:00:00	8.00	0.00	480	0	0	0	WORKING	\N	\N	f	2026-02-27 18:46:00.767583	2026-02-27 18:46:00.767583
c43de664-cbc2-43e6-a8e1-755aaad17a9c	44444444-4444-4444-4444-444444444444	2026-04-03	44444444-4444-4444-4444-444444444444	2026-04-03 08:00:00	2026-04-03 17:00:00	8.00	0.00	480	0	0	0	WORKING	\N	\N	f	2026-02-27 18:46:00.767583	2026-02-27 18:46:00.767583
fdbc6e1f-3d7a-40e9-bfdc-d5aa0a48f17b	55555555-5555-5555-5555-555555555555	2026-04-03	55555555-5555-5555-5555-555555555555	2026-04-03 08:00:00	2026-04-03 17:00:00	8.00	0.00	480	0	0	0	WORKING	\N	\N	f	2026-02-27 18:46:00.767583	2026-02-27 18:46:00.767583
a65a9fb9-c091-405a-bc8e-1d4b059354fe	11111111-1111-1111-1111-111111111111	2026-04-04	11111111-1111-1111-1111-111111111111	\N	\N	0.00	0.00	0	0	0	0	WEEKEND	\N	\N	f	2026-02-27 18:46:00.767583	2026-02-27 18:46:00.767583
98466b37-7185-4df4-86cd-6d86cefb8ffd	22222222-2222-2222-2222-222222222222	2026-04-04	22222222-2222-2222-2222-222222222222	\N	\N	0.00	0.00	0	0	0	0	WEEKEND	\N	\N	f	2026-02-27 18:46:00.767583	2026-02-27 18:46:00.767583
2e508a61-ca48-4a1f-8d34-51cc1984df16	33333333-3333-3333-3333-333333333333	2026-04-04	33333333-3333-3333-3333-333333333333	\N	\N	0.00	0.00	0	0	0	0	WEEKEND	\N	\N	f	2026-02-27 18:46:00.767583	2026-02-27 18:46:00.767583
4c4598d8-361c-44ab-851a-e5917888ab54	44444444-4444-4444-4444-444444444444	2026-04-04	44444444-4444-4444-4444-444444444444	\N	\N	0.00	0.00	0	0	0	0	WEEKEND	\N	\N	f	2026-02-27 18:46:00.767583	2026-02-27 18:46:00.767583
a4720cbc-6b41-464f-ac04-b92014b6f2bb	55555555-5555-5555-5555-555555555555	2026-04-04	55555555-5555-5555-5555-555555555555	\N	\N	0.00	0.00	0	0	0	0	WEEKEND	\N	\N	f	2026-02-27 18:46:00.767583	2026-02-27 18:46:00.767583
79dbcf8a-dcbb-490f-9d9d-36bd3874cf14	11111111-1111-1111-1111-111111111111	2026-04-05	11111111-1111-1111-1111-111111111111	\N	\N	0.00	0.00	0	0	0	0	WEEKEND	\N	\N	f	2026-02-27 18:46:00.767583	2026-02-27 18:46:00.767583
fec776d9-48a2-4478-bccc-73674ea69c9c	22222222-2222-2222-2222-222222222222	2026-04-05	22222222-2222-2222-2222-222222222222	\N	\N	0.00	0.00	0	0	0	0	WEEKEND	\N	\N	f	2026-02-27 18:46:00.767583	2026-02-27 18:46:00.767583
bd9a1819-44a2-4dd3-839a-4ffa082b93ad	33333333-3333-3333-3333-333333333333	2026-04-05	33333333-3333-3333-3333-333333333333	\N	\N	0.00	0.00	0	0	0	0	WEEKEND	\N	\N	f	2026-02-27 18:46:00.767583	2026-02-27 18:46:00.767583
4de8ad5b-c923-413a-b65e-2067e54ff51c	44444444-4444-4444-4444-444444444444	2026-04-05	44444444-4444-4444-4444-444444444444	\N	\N	0.00	0.00	0	0	0	0	WEEKEND	\N	\N	f	2026-02-27 18:46:00.767583	2026-02-27 18:46:00.767583
58cc9491-3fe4-4a57-9972-cf249c1a4942	55555555-5555-5555-5555-555555555555	2026-04-05	55555555-5555-5555-5555-555555555555	\N	\N	0.00	0.00	0	0	0	0	WEEKEND	\N	\N	f	2026-02-27 18:46:00.767583	2026-02-27 18:46:00.767583
1cb64d87-be9f-4004-bdbf-5a3cfa0aa822	11111111-1111-1111-1111-111111111111	2026-04-06	11111111-1111-1111-1111-111111111111	2026-04-06 08:00:00	2026-04-06 17:00:00	8.00	0.00	480	0	0	0	WORKING	\N	\N	f	2026-02-27 18:46:00.767583	2026-02-27 18:46:00.767583
2428229f-a6a6-44c9-a6cb-ea8016640c52	22222222-2222-2222-2222-222222222222	2026-04-06	22222222-2222-2222-2222-222222222222	2026-04-06 08:00:00	2026-04-06 17:00:00	8.00	0.00	480	0	0	0	WORKING	\N	\N	f	2026-02-27 18:46:00.767583	2026-02-27 18:46:00.767583
8e365133-8ce3-422c-b295-2b3d9ad077e5	33333333-3333-3333-3333-333333333333	2026-04-06	33333333-3333-3333-3333-333333333333	2026-04-06 08:00:00	2026-04-06 17:00:00	8.00	0.00	480	0	0	0	WORKING	\N	\N	f	2026-02-27 18:46:00.767583	2026-02-27 18:46:00.767583
3dc9f81e-6f51-49e8-ae1e-3915366efd58	44444444-4444-4444-4444-444444444444	2026-04-06	44444444-4444-4444-4444-444444444444	2026-04-06 08:00:00	2026-04-06 17:00:00	8.00	0.00	480	0	0	0	WORKING	\N	\N	f	2026-02-27 18:46:00.767583	2026-02-27 18:46:00.767583
464e74ca-e112-4361-8ab7-0ddf3935e6cd	55555555-5555-5555-5555-555555555555	2026-04-06	55555555-5555-5555-5555-555555555555	2026-04-06 08:00:00	2026-04-06 17:00:00	8.00	0.00	480	0	0	0	WORKING	\N	\N	f	2026-02-27 18:46:00.767583	2026-02-27 18:46:00.767583
a8068591-f76f-4f0c-8daa-f0351c7eba8d	11111111-1111-1111-1111-111111111111	2026-04-07	11111111-1111-1111-1111-111111111111	2026-04-07 08:00:00	2026-04-07 17:00:00	8.00	0.00	480	0	0	0	WORKING	\N	\N	f	2026-02-27 18:46:00.767583	2026-02-27 18:46:00.767583
813a14cd-155a-45be-90b3-8a30c7ffed3e	22222222-2222-2222-2222-222222222222	2026-04-07	22222222-2222-2222-2222-222222222222	2026-04-07 08:00:00	2026-04-07 17:00:00	8.00	0.00	480	0	0	0	WORKING	\N	\N	f	2026-02-27 18:46:00.767583	2026-02-27 18:46:00.767583
87e6f884-8608-42fd-9fdd-747f8ed2b1f5	33333333-3333-3333-3333-333333333333	2026-04-07	33333333-3333-3333-3333-333333333333	2026-04-07 08:00:00	2026-04-07 17:00:00	8.00	0.00	480	0	0	0	WORKING	\N	\N	f	2026-02-27 18:46:00.767583	2026-02-27 18:46:00.767583
f88648f3-7136-4c33-bf72-2c5354d2325f	44444444-4444-4444-4444-444444444444	2026-04-07	44444444-4444-4444-4444-444444444444	2026-04-07 08:00:00	2026-04-07 17:00:00	8.00	0.00	480	0	0	0	WORKING	\N	\N	f	2026-02-27 18:46:00.767583	2026-02-27 18:46:00.767583
1c7fe960-4834-4608-841a-46e847d2ad97	55555555-5555-5555-5555-555555555555	2026-04-07	55555555-5555-5555-5555-555555555555	2026-04-07 08:00:00	2026-04-07 17:00:00	8.00	0.00	480	0	0	0	WORKING	\N	\N	f	2026-02-27 18:46:00.767583	2026-02-27 18:46:00.767583
fab5b0f7-f933-44b7-b2cc-7ecd3bdddc36	11111111-1111-1111-1111-111111111111	2026-04-08	11111111-1111-1111-1111-111111111111	2026-04-08 08:00:00	2026-04-08 17:00:00	8.00	0.00	480	0	0	0	WORKING	\N	\N	f	2026-02-27 18:46:00.767583	2026-02-27 18:46:00.767583
4ce0ca69-be9f-4baa-a563-e26277aa6501	22222222-2222-2222-2222-222222222222	2026-04-08	22222222-2222-2222-2222-222222222222	2026-04-08 08:00:00	2026-04-08 17:00:00	8.00	0.00	480	0	0	0	WORKING	\N	\N	f	2026-02-27 18:46:00.767583	2026-02-27 18:46:00.767583
5a882a42-c9cd-4f92-b082-29f05e407602	33333333-3333-3333-3333-333333333333	2026-04-08	33333333-3333-3333-3333-333333333333	2026-04-08 08:00:00	2026-04-08 17:00:00	8.00	0.00	480	0	0	0	WORKING	\N	\N	f	2026-02-27 18:46:00.767583	2026-02-27 18:46:00.767583
6a92ff88-6f3f-449c-a327-742f9974909d	44444444-4444-4444-4444-444444444444	2026-04-08	44444444-4444-4444-4444-444444444444	2026-04-08 08:00:00	2026-04-08 17:00:00	8.00	0.00	480	0	0	0	WORKING	\N	\N	f	2026-02-27 18:46:00.767583	2026-02-27 18:46:00.767583
c520543d-6ca5-45c8-a8c8-673635a99158	55555555-5555-5555-5555-555555555555	2026-04-08	55555555-5555-5555-5555-555555555555	2026-04-08 08:00:00	2026-04-08 17:00:00	8.00	0.00	480	0	0	0	WORKING	\N	\N	f	2026-02-27 18:46:00.767583	2026-02-27 18:46:00.767583
5a500be6-71e6-41fe-a6ba-b07504295cd1	11111111-1111-1111-1111-111111111111	2026-04-09	11111111-1111-1111-1111-111111111111	2026-04-09 08:00:00	2026-04-09 17:00:00	8.00	0.00	480	0	0	0	WORKING	\N	\N	f	2026-02-27 18:46:00.767583	2026-02-27 18:46:00.767583
b3807853-8c14-4bad-b841-c881ae130112	22222222-2222-2222-2222-222222222222	2026-04-09	22222222-2222-2222-2222-222222222222	2026-04-09 08:00:00	2026-04-09 17:00:00	8.00	0.00	480	0	0	0	WORKING	\N	\N	f	2026-02-27 18:46:00.767583	2026-02-27 18:46:00.767583
eef4e578-b620-44c2-af1f-729458f5e292	33333333-3333-3333-3333-333333333333	2026-04-09	33333333-3333-3333-3333-333333333333	2026-04-09 08:00:00	2026-04-09 17:00:00	8.00	0.00	480	0	0	0	WORKING	\N	\N	f	2026-02-27 18:46:00.767583	2026-02-27 18:46:00.767583
a23e624f-7f76-43aa-b357-4e4da438bbf5	44444444-4444-4444-4444-444444444444	2026-04-09	44444444-4444-4444-4444-444444444444	2026-04-09 08:00:00	2026-04-09 17:00:00	8.00	0.00	480	0	0	0	WORKING	\N	\N	f	2026-02-27 18:46:00.767583	2026-02-27 18:46:00.767583
31920afb-04a5-4959-9602-dd02bebd27b4	55555555-5555-5555-5555-555555555555	2026-04-09	55555555-5555-5555-5555-555555555555	2026-04-09 08:00:00	2026-04-09 17:00:00	8.00	0.00	480	0	0	0	WORKING	\N	\N	f	2026-02-27 18:46:00.767583	2026-02-27 18:46:00.767583
78250cac-d6b2-4a54-b8ed-b72f2270adb4	11111111-1111-1111-1111-111111111111	2026-04-10	11111111-1111-1111-1111-111111111111	2026-04-10 08:00:00	2026-04-10 17:00:00	8.00	0.00	480	0	0	0	WORKING	\N	\N	f	2026-02-27 18:46:00.767583	2026-02-27 18:46:00.767583
8cee3e94-4e4e-4540-ae81-461e50dc038d	22222222-2222-2222-2222-222222222222	2026-04-10	22222222-2222-2222-2222-222222222222	2026-04-10 08:00:00	2026-04-10 17:00:00	8.00	0.00	480	0	0	0	WORKING	\N	\N	f	2026-02-27 18:46:00.767583	2026-02-27 18:46:00.767583
a0e6bd5d-2ee6-41c0-93eb-50f2383cad94	33333333-3333-3333-3333-333333333333	2026-04-10	33333333-3333-3333-3333-333333333333	2026-04-10 08:00:00	2026-04-10 17:00:00	8.00	0.00	480	0	0	0	WORKING	\N	\N	f	2026-02-27 18:46:00.767583	2026-02-27 18:46:00.767583
7a2977db-ce99-4a2c-abc1-8e5c8886d376	44444444-4444-4444-4444-444444444444	2026-04-10	44444444-4444-4444-4444-444444444444	2026-04-10 08:00:00	2026-04-10 17:00:00	8.00	0.00	480	0	0	0	WORKING	\N	\N	f	2026-02-27 18:46:00.767583	2026-02-27 18:46:00.767583
8cd94688-6318-4a51-a74a-87211e1cf012	55555555-5555-5555-5555-555555555555	2026-04-10	55555555-5555-5555-5555-555555555555	2026-04-10 08:00:00	2026-04-10 17:00:00	8.00	0.00	480	0	0	0	WORKING	\N	\N	f	2026-02-27 18:46:00.767583	2026-02-27 18:46:00.767583
4b2ed3b0-c448-470e-885f-d1071e42bf91	11111111-1111-1111-1111-111111111111	2026-04-11	11111111-1111-1111-1111-111111111111	\N	\N	0.00	0.00	0	0	0	0	WEEKEND	\N	\N	f	2026-02-27 18:46:00.767583	2026-02-27 18:46:00.767583
a0e674ab-8949-44c3-82b0-16c57cc78889	22222222-2222-2222-2222-222222222222	2026-04-11	22222222-2222-2222-2222-222222222222	\N	\N	0.00	0.00	0	0	0	0	WEEKEND	\N	\N	f	2026-02-27 18:46:00.767583	2026-02-27 18:46:00.767583
b218545e-72c5-4fe5-a5df-58de15169e74	33333333-3333-3333-3333-333333333333	2026-04-11	33333333-3333-3333-3333-333333333333	\N	\N	0.00	0.00	0	0	0	0	WEEKEND	\N	\N	f	2026-02-27 18:46:00.767583	2026-02-27 18:46:00.767583
f8c62239-b83d-48ce-b971-f141bfd71dad	44444444-4444-4444-4444-444444444444	2026-04-11	44444444-4444-4444-4444-444444444444	\N	\N	0.00	0.00	0	0	0	0	WEEKEND	\N	\N	f	2026-02-27 18:46:00.767583	2026-02-27 18:46:00.767583
84071719-59c9-48c5-a1b4-eb348c7912cd	55555555-5555-5555-5555-555555555555	2026-04-11	55555555-5555-5555-5555-555555555555	\N	\N	0.00	0.00	0	0	0	0	WEEKEND	\N	\N	f	2026-02-27 18:46:00.767583	2026-02-27 18:46:00.767583
73145ecf-5703-4b0a-9697-2adb2d304835	11111111-1111-1111-1111-111111111111	2026-04-12	11111111-1111-1111-1111-111111111111	\N	\N	0.00	0.00	0	0	0	0	WEEKEND	\N	\N	f	2026-02-27 18:46:00.767583	2026-02-27 18:46:00.767583
ce14e511-688b-43d3-bb3b-812941d254fb	22222222-2222-2222-2222-222222222222	2026-04-12	22222222-2222-2222-2222-222222222222	\N	\N	0.00	0.00	0	0	0	0	WEEKEND	\N	\N	f	2026-02-27 18:46:00.767583	2026-02-27 18:46:00.767583
47494b9f-f5b6-4318-bd74-8bacb52b8a63	33333333-3333-3333-3333-333333333333	2026-04-12	33333333-3333-3333-3333-333333333333	\N	\N	0.00	0.00	0	0	0	0	WEEKEND	\N	\N	f	2026-02-27 18:46:00.767583	2026-02-27 18:46:00.767583
e0aeed33-d6bf-48a1-93df-acdd31cac940	44444444-4444-4444-4444-444444444444	2026-04-12	44444444-4444-4444-4444-444444444444	\N	\N	0.00	0.00	0	0	0	0	WEEKEND	\N	\N	f	2026-02-27 18:46:00.767583	2026-02-27 18:46:00.767583
5006b663-f4a7-4d98-aa6c-00d35318c11f	55555555-5555-5555-5555-555555555555	2026-04-12	55555555-5555-5555-5555-555555555555	\N	\N	0.00	0.00	0	0	0	0	WEEKEND	\N	\N	f	2026-02-27 18:46:00.767583	2026-02-27 18:46:00.767583
2da0750a-a98c-4cd2-a731-677161108141	11111111-1111-1111-1111-111111111111	2026-04-13	11111111-1111-1111-1111-111111111111	2026-04-13 08:00:00	2026-04-13 17:00:00	8.00	0.00	480	0	0	0	WORKING	\N	\N	f	2026-02-27 18:46:00.767583	2026-02-27 18:46:00.767583
5401b5c3-838c-4de2-8e1b-20ad2bf67767	22222222-2222-2222-2222-222222222222	2026-04-13	22222222-2222-2222-2222-222222222222	2026-04-13 08:00:00	2026-04-13 17:00:00	8.00	0.00	480	0	0	0	WORKING	\N	\N	f	2026-02-27 18:46:00.767583	2026-02-27 18:46:00.767583
076f6bc8-b562-4663-916b-e26d59df87e6	33333333-3333-3333-3333-333333333333	2026-04-13	33333333-3333-3333-3333-333333333333	2026-04-13 08:00:00	2026-04-13 17:00:00	8.00	0.00	480	0	0	0	WORKING	\N	\N	f	2026-02-27 18:46:00.767583	2026-02-27 18:46:00.767583
46861b97-2a02-4ece-a5bf-4ae750ddb9d7	44444444-4444-4444-4444-444444444444	2026-04-13	44444444-4444-4444-4444-444444444444	2026-04-13 08:00:00	2026-04-13 17:00:00	8.00	0.00	480	0	0	0	WORKING	\N	\N	f	2026-02-27 18:46:00.767583	2026-02-27 18:46:00.767583
412c13f2-d45d-4141-864b-1ff0b042f6c3	55555555-5555-5555-5555-555555555555	2026-04-13	55555555-5555-5555-5555-555555555555	2026-04-13 08:00:00	2026-04-13 17:00:00	8.00	0.00	480	0	0	0	WORKING	\N	\N	f	2026-02-27 18:46:00.767583	2026-02-27 18:46:00.767583
f352c8e9-a7ca-4fb8-bbce-d0c2df441ee5	11111111-1111-1111-1111-111111111111	2026-04-14	11111111-1111-1111-1111-111111111111	2026-04-14 08:00:00	2026-04-14 17:00:00	8.00	0.00	480	0	0	0	WORKING	\N	\N	f	2026-02-27 18:46:00.767583	2026-02-27 18:46:00.767583
45b82178-afdf-49f9-9323-803d7c9436f6	22222222-2222-2222-2222-222222222222	2026-04-14	22222222-2222-2222-2222-222222222222	2026-04-14 08:00:00	2026-04-14 17:00:00	8.00	0.00	480	0	0	0	WORKING	\N	\N	f	2026-02-27 18:46:00.767583	2026-02-27 18:46:00.767583
b95a53f6-9c57-44f4-afba-f51d92e96e6f	33333333-3333-3333-3333-333333333333	2026-04-14	33333333-3333-3333-3333-333333333333	2026-04-14 08:00:00	2026-04-14 17:00:00	8.00	0.00	480	0	0	0	WORKING	\N	\N	f	2026-02-27 18:46:00.767583	2026-02-27 18:46:00.767583
f126e505-b5fd-4b34-8210-e865665bbd94	44444444-4444-4444-4444-444444444444	2026-04-14	44444444-4444-4444-4444-444444444444	2026-04-14 08:00:00	2026-04-14 17:00:00	8.00	0.00	480	0	0	0	WORKING	\N	\N	f	2026-02-27 18:46:00.767583	2026-02-27 18:46:00.767583
34e42f64-e332-4279-9802-face85bf105c	55555555-5555-5555-5555-555555555555	2026-04-14	55555555-5555-5555-5555-555555555555	2026-04-14 08:00:00	2026-04-14 17:00:00	8.00	0.00	480	0	0	0	WORKING	\N	\N	f	2026-02-27 18:46:00.767583	2026-02-27 18:46:00.767583
3b17c789-97ff-4f24-af35-395198127dc4	11111111-1111-1111-1111-111111111111	2026-04-15	11111111-1111-1111-1111-111111111111	2026-04-15 08:00:00	2026-04-15 17:00:00	8.00	0.00	480	0	0	0	WORKING	\N	\N	f	2026-02-27 18:46:00.767583	2026-02-27 18:46:00.767583
26aba3e6-a104-4664-bfc1-79683b1e2df6	22222222-2222-2222-2222-222222222222	2026-04-15	22222222-2222-2222-2222-222222222222	2026-04-15 08:00:00	2026-04-15 17:00:00	8.00	0.00	480	0	0	0	WORKING	\N	\N	f	2026-02-27 18:46:00.767583	2026-02-27 18:46:00.767583
65e4fc9d-799e-4d31-85d0-e427c9a5ba7e	33333333-3333-3333-3333-333333333333	2026-04-15	33333333-3333-3333-3333-333333333333	2026-04-15 08:00:00	2026-04-15 17:00:00	8.00	0.00	480	0	0	0	WORKING	\N	\N	f	2026-02-27 18:46:00.767583	2026-02-27 18:46:00.767583
fece550e-2656-4ec3-b55e-9df614ccd4ab	44444444-4444-4444-4444-444444444444	2026-04-15	44444444-4444-4444-4444-444444444444	2026-04-15 08:00:00	2026-04-15 17:00:00	8.00	0.00	480	0	0	0	WORKING	\N	\N	f	2026-02-27 18:46:00.767583	2026-02-27 18:46:00.767583
fe2d3bee-d2d1-4a51-b110-95aabdb9aaf8	55555555-5555-5555-5555-555555555555	2026-04-15	55555555-5555-5555-5555-555555555555	2026-04-15 08:00:00	2026-04-15 17:00:00	8.00	0.00	480	0	0	0	WORKING	\N	\N	f	2026-02-27 18:46:00.767583	2026-02-27 18:46:00.767583
b053bebe-c7f5-4b29-bebe-db6d532008b0	11111111-1111-1111-1111-111111111111	2026-04-16	11111111-1111-1111-1111-111111111111	2026-04-16 08:00:00	2026-04-16 17:00:00	8.00	0.00	480	0	0	0	WORKING	\N	\N	f	2026-02-27 18:46:00.767583	2026-02-27 18:46:00.767583
3b2b0e6d-e666-4d39-b9d0-9bd2a53191c3	22222222-2222-2222-2222-222222222222	2026-04-16	22222222-2222-2222-2222-222222222222	2026-04-16 08:00:00	2026-04-16 17:00:00	8.00	0.00	480	0	0	0	WORKING	\N	\N	f	2026-02-27 18:46:00.767583	2026-02-27 18:46:00.767583
5eb0f4bc-fd84-4f0b-ac67-5c231b10880e	33333333-3333-3333-3333-333333333333	2026-04-16	33333333-3333-3333-3333-333333333333	2026-04-16 08:00:00	2026-04-16 17:00:00	8.00	0.00	480	0	0	0	WORKING	\N	\N	f	2026-02-27 18:46:00.767583	2026-02-27 18:46:00.767583
5cbb7405-4738-4363-94cb-a7079f28a61b	44444444-4444-4444-4444-444444444444	2026-04-16	44444444-4444-4444-4444-444444444444	2026-04-16 08:00:00	2026-04-16 17:00:00	8.00	0.00	480	0	0	0	WORKING	\N	\N	f	2026-02-27 18:46:00.767583	2026-02-27 18:46:00.767583
15eddf6d-2162-4d72-b1dd-d874a87b37f7	55555555-5555-5555-5555-555555555555	2026-04-16	55555555-5555-5555-5555-555555555555	2026-04-16 08:00:00	2026-04-16 17:00:00	8.00	0.00	480	0	0	0	WORKING	\N	\N	f	2026-02-27 18:46:00.767583	2026-02-27 18:46:00.767583
0936ad78-4575-4f3d-83cc-13dc02fc5d43	11111111-1111-1111-1111-111111111111	2026-04-17	11111111-1111-1111-1111-111111111111	2026-04-17 08:00:00	2026-04-17 17:00:00	8.00	0.00	480	0	0	0	WORKING	\N	\N	f	2026-02-27 18:46:00.767583	2026-02-27 18:46:00.767583
e94bc413-35b6-4c3d-9708-53f787579923	22222222-2222-2222-2222-222222222222	2026-04-17	22222222-2222-2222-2222-222222222222	2026-04-17 08:00:00	2026-04-17 17:00:00	8.00	0.00	480	0	0	0	WORKING	\N	\N	f	2026-02-27 18:46:00.767583	2026-02-27 18:46:00.767583
fa46df53-7fad-4618-8f04-d3199f51b23b	33333333-3333-3333-3333-333333333333	2026-04-17	33333333-3333-3333-3333-333333333333	2026-04-17 08:00:00	2026-04-17 17:00:00	8.00	0.00	480	0	0	0	WORKING	\N	\N	f	2026-02-27 18:46:00.767583	2026-02-27 18:46:00.767583
a329cd13-2bd3-48d3-9784-61a34cf04122	44444444-4444-4444-4444-444444444444	2026-04-17	44444444-4444-4444-4444-444444444444	2026-04-17 08:00:00	2026-04-17 17:00:00	8.00	0.00	480	0	0	0	WORKING	\N	\N	f	2026-02-27 18:46:00.767583	2026-02-27 18:46:00.767583
9050bf05-16d3-4b45-8cd5-53b04e12dc64	55555555-5555-5555-5555-555555555555	2026-04-17	55555555-5555-5555-5555-555555555555	2026-04-17 08:00:00	2026-04-17 17:00:00	8.00	0.00	480	0	0	0	WORKING	\N	\N	f	2026-02-27 18:46:00.767583	2026-02-27 18:46:00.767583
04242007-6960-4805-b231-b19e54e84e79	11111111-1111-1111-1111-111111111111	2026-04-18	11111111-1111-1111-1111-111111111111	\N	\N	0.00	0.00	0	0	0	0	WEEKEND	\N	\N	f	2026-02-27 18:46:00.767583	2026-02-27 18:46:00.767583
678fce5c-ddbf-46e9-a57c-0880f303ebca	22222222-2222-2222-2222-222222222222	2026-04-18	22222222-2222-2222-2222-222222222222	\N	\N	0.00	0.00	0	0	0	0	WEEKEND	\N	\N	f	2026-02-27 18:46:00.767583	2026-02-27 18:46:00.767583
29d88379-05b8-45e7-82aa-0986f18925bc	33333333-3333-3333-3333-333333333333	2026-04-18	33333333-3333-3333-3333-333333333333	\N	\N	0.00	0.00	0	0	0	0	WEEKEND	\N	\N	f	2026-02-27 18:46:00.767583	2026-02-27 18:46:00.767583
1f975dbe-1a3e-4375-9cce-f043fe51b7c6	44444444-4444-4444-4444-444444444444	2026-04-18	44444444-4444-4444-4444-444444444444	\N	\N	0.00	0.00	0	0	0	0	WEEKEND	\N	\N	f	2026-02-27 18:46:00.767583	2026-02-27 18:46:00.767583
872e3d0b-a9b1-423a-9184-b67d65210b73	55555555-5555-5555-5555-555555555555	2026-04-18	55555555-5555-5555-5555-555555555555	\N	\N	0.00	0.00	0	0	0	0	WEEKEND	\N	\N	f	2026-02-27 18:46:00.767583	2026-02-27 18:46:00.767583
1fd3ad2a-f2cc-48db-93d1-089b150be30c	11111111-1111-1111-1111-111111111111	2026-04-19	11111111-1111-1111-1111-111111111111	\N	\N	0.00	0.00	0	0	0	0	WEEKEND	\N	\N	f	2026-02-27 18:46:00.767583	2026-02-27 18:46:00.767583
a2793f53-ce63-4fa8-9c8f-b16ed0e61ffe	22222222-2222-2222-2222-222222222222	2026-04-19	22222222-2222-2222-2222-222222222222	\N	\N	0.00	0.00	0	0	0	0	WEEKEND	\N	\N	f	2026-02-27 18:46:00.767583	2026-02-27 18:46:00.767583
74c01f01-1a36-4eea-8209-2ab8d8441da4	33333333-3333-3333-3333-333333333333	2026-04-19	33333333-3333-3333-3333-333333333333	\N	\N	0.00	0.00	0	0	0	0	WEEKEND	\N	\N	f	2026-02-27 18:46:00.767583	2026-02-27 18:46:00.767583
0619ca1a-3e21-42e1-a186-66d106326944	44444444-4444-4444-4444-444444444444	2026-04-19	44444444-4444-4444-4444-444444444444	\N	\N	0.00	0.00	0	0	0	0	WEEKEND	\N	\N	f	2026-02-27 18:46:00.767583	2026-02-27 18:46:00.767583
c6ed0420-b158-4177-8b04-dd3053052004	55555555-5555-5555-5555-555555555555	2026-04-19	55555555-5555-5555-5555-555555555555	\N	\N	0.00	0.00	0	0	0	0	WEEKEND	\N	\N	f	2026-02-27 18:46:00.767583	2026-02-27 18:46:00.767583
f4ad3725-07c6-4457-8488-b96bcbbcb5fc	11111111-1111-1111-1111-111111111111	2026-04-20	11111111-1111-1111-1111-111111111111	2026-04-20 08:00:00	2026-04-20 17:00:00	8.00	0.00	480	0	0	0	WORKING	\N	\N	f	2026-02-27 18:46:00.767583	2026-02-27 18:46:00.767583
bb01d1fe-4118-4dfd-9726-d830697aea81	22222222-2222-2222-2222-222222222222	2026-04-20	22222222-2222-2222-2222-222222222222	2026-04-20 08:00:00	2026-04-20 17:00:00	8.00	0.00	480	0	0	0	WORKING	\N	\N	f	2026-02-27 18:46:00.767583	2026-02-27 18:46:00.767583
f92660be-fbce-44ce-99e6-7c39fe264123	33333333-3333-3333-3333-333333333333	2026-04-20	33333333-3333-3333-3333-333333333333	2026-04-20 08:00:00	2026-04-20 17:00:00	8.00	0.00	480	0	0	0	WORKING	\N	\N	f	2026-02-27 18:46:00.767583	2026-02-27 18:46:00.767583
9d76a881-70a1-4cff-a74c-715843bf0dd7	44444444-4444-4444-4444-444444444444	2026-04-20	44444444-4444-4444-4444-444444444444	2026-04-20 08:00:00	2026-04-20 17:00:00	8.00	0.00	480	0	0	0	WORKING	\N	\N	f	2026-02-27 18:46:00.767583	2026-02-27 18:46:00.767583
a4fab7be-9a45-4c4f-b953-c0c3e1115c84	55555555-5555-5555-5555-555555555555	2026-04-20	55555555-5555-5555-5555-555555555555	2026-04-20 08:00:00	2026-04-20 17:00:00	8.00	0.00	480	0	0	0	WORKING	\N	\N	f	2026-02-27 18:46:00.767583	2026-02-27 18:46:00.767583
075f58d9-9dba-4b09-b0e1-fedca443aa22	11111111-1111-1111-1111-111111111111	2026-04-21	11111111-1111-1111-1111-111111111111	2026-04-21 08:00:00	2026-04-21 17:00:00	8.00	0.00	480	0	0	0	WORKING	\N	\N	f	2026-02-27 18:46:00.767583	2026-02-27 18:46:00.767583
50f9d523-a3c4-4c2c-9810-0dbf77ea257f	22222222-2222-2222-2222-222222222222	2026-04-21	22222222-2222-2222-2222-222222222222	2026-04-21 08:00:00	2026-04-21 17:00:00	8.00	0.00	480	0	0	0	WORKING	\N	\N	f	2026-02-27 18:46:00.767583	2026-02-27 18:46:00.767583
87e49c42-d336-4edb-a0e6-cb5f1092eaf6	33333333-3333-3333-3333-333333333333	2026-04-21	33333333-3333-3333-3333-333333333333	2026-04-21 08:00:00	2026-04-21 17:00:00	8.00	0.00	480	0	0	0	WORKING	\N	\N	f	2026-02-27 18:46:00.767583	2026-02-27 18:46:00.767583
0c44b5d4-0933-4342-af83-707560ca0ae9	44444444-4444-4444-4444-444444444444	2026-04-21	44444444-4444-4444-4444-444444444444	2026-04-21 08:00:00	2026-04-21 17:00:00	8.00	0.00	480	0	0	0	WORKING	\N	\N	f	2026-02-27 18:46:00.767583	2026-02-27 18:46:00.767583
87966469-dbc2-482f-9a87-83f11831dbac	55555555-5555-5555-5555-555555555555	2026-04-21	55555555-5555-5555-5555-555555555555	2026-04-21 08:00:00	2026-04-21 17:00:00	8.00	0.00	480	0	0	0	WORKING	\N	\N	f	2026-02-27 18:46:00.767583	2026-02-27 18:46:00.767583
e577f143-af2d-4c33-a2f7-fe65e216ea95	11111111-1111-1111-1111-111111111111	2026-04-22	11111111-1111-1111-1111-111111111111	2026-04-22 08:00:00	2026-04-22 17:00:00	8.00	0.00	480	0	0	0	WORKING	\N	\N	f	2026-02-27 18:46:00.767583	2026-02-27 18:46:00.767583
b002ad94-c153-42c3-bb89-67611a2ddfb0	22222222-2222-2222-2222-222222222222	2026-04-22	22222222-2222-2222-2222-222222222222	2026-04-22 08:00:00	2026-04-22 17:00:00	8.00	0.00	480	0	0	0	WORKING	\N	\N	f	2026-02-27 18:46:00.767583	2026-02-27 18:46:00.767583
99d88275-1694-488e-bd58-e228b92a583b	33333333-3333-3333-3333-333333333333	2026-04-22	33333333-3333-3333-3333-333333333333	2026-04-22 08:00:00	2026-04-22 17:00:00	8.00	0.00	480	0	0	0	WORKING	\N	\N	f	2026-02-27 18:46:00.767583	2026-02-27 18:46:00.767583
9a29ab6e-2edd-4c94-9ef0-c42184cbac89	44444444-4444-4444-4444-444444444444	2026-04-22	44444444-4444-4444-4444-444444444444	2026-04-22 08:00:00	2026-04-22 17:00:00	8.00	0.00	480	0	0	0	WORKING	\N	\N	f	2026-02-27 18:46:00.767583	2026-02-27 18:46:00.767583
d4bfdfcc-298f-4dc5-a026-2cafbab1a343	55555555-5555-5555-5555-555555555555	2026-04-22	55555555-5555-5555-5555-555555555555	2026-04-22 08:00:00	2026-04-22 17:00:00	8.00	0.00	480	0	0	0	WORKING	\N	\N	f	2026-02-27 18:46:00.767583	2026-02-27 18:46:00.767583
5b84ccb7-a997-4323-8c65-c98dacc48683	11111111-1111-1111-1111-111111111111	2026-04-23	11111111-1111-1111-1111-111111111111	2026-04-23 08:00:00	2026-04-23 17:00:00	8.00	0.00	480	0	0	0	WORKING	\N	\N	f	2026-02-27 18:46:00.767583	2026-02-27 18:46:00.767583
f2e58016-dbb8-465c-a241-e8ab2c9194b0	22222222-2222-2222-2222-222222222222	2026-04-23	22222222-2222-2222-2222-222222222222	2026-04-23 08:00:00	2026-04-23 17:00:00	8.00	0.00	480	0	0	0	WORKING	\N	\N	f	2026-02-27 18:46:00.767583	2026-02-27 18:46:00.767583
8cf22f9d-26f8-4d6f-bf86-cf48b3d7b077	33333333-3333-3333-3333-333333333333	2026-04-23	33333333-3333-3333-3333-333333333333	2026-04-23 08:00:00	2026-04-23 17:00:00	8.00	0.00	480	0	0	0	WORKING	\N	\N	f	2026-02-27 18:46:00.767583	2026-02-27 18:46:00.767583
b1b80818-2983-4c67-8e11-14069a461b4c	44444444-4444-4444-4444-444444444444	2026-04-23	44444444-4444-4444-4444-444444444444	2026-04-23 08:00:00	2026-04-23 17:00:00	8.00	0.00	480	0	0	0	WORKING	\N	\N	f	2026-02-27 18:46:00.767583	2026-02-27 18:46:00.767583
83b67425-4ba0-4774-93fd-c25d90881a9a	55555555-5555-5555-5555-555555555555	2026-04-23	55555555-5555-5555-5555-555555555555	2026-04-23 08:00:00	2026-04-23 17:00:00	8.00	0.00	480	0	0	0	WORKING	\N	\N	f	2026-02-27 18:46:00.767583	2026-02-27 18:46:00.767583
9bd8cfa5-ce0e-4496-8a7f-096c665646c6	11111111-1111-1111-1111-111111111111	2026-04-24	11111111-1111-1111-1111-111111111111	2026-04-24 08:00:00	2026-04-24 17:00:00	8.00	0.00	480	0	0	0	WORKING	\N	\N	f	2026-02-27 18:46:00.767583	2026-02-27 18:46:00.767583
b2afb74e-9662-4cdc-8486-ddf44609090c	22222222-2222-2222-2222-222222222222	2026-04-24	22222222-2222-2222-2222-222222222222	2026-04-24 08:00:00	2026-04-24 17:00:00	8.00	0.00	480	0	0	0	WORKING	\N	\N	f	2026-02-27 18:46:00.767583	2026-02-27 18:46:00.767583
dda886f3-420f-4aba-9279-71db26090281	33333333-3333-3333-3333-333333333333	2026-04-24	33333333-3333-3333-3333-333333333333	2026-04-24 08:00:00	2026-04-24 17:00:00	8.00	0.00	480	0	0	0	WORKING	\N	\N	f	2026-02-27 18:46:00.767583	2026-02-27 18:46:00.767583
069493ea-b242-4da2-8573-2bb879dbe1e6	44444444-4444-4444-4444-444444444444	2026-04-24	44444444-4444-4444-4444-444444444444	2026-04-24 08:00:00	2026-04-24 17:00:00	8.00	0.00	480	0	0	0	WORKING	\N	\N	f	2026-02-27 18:46:00.767583	2026-02-27 18:46:00.767583
8f3bf4bc-a19c-4688-a16d-67f35c5df3cc	55555555-5555-5555-5555-555555555555	2026-04-24	55555555-5555-5555-5555-555555555555	2026-04-24 08:00:00	2026-04-24 17:00:00	8.00	0.00	480	0	0	0	WORKING	\N	\N	f	2026-02-27 18:46:00.767583	2026-02-27 18:46:00.767583
98a32923-9606-4abf-b68d-c327f768b2dd	11111111-1111-1111-1111-111111111111	2026-04-25	11111111-1111-1111-1111-111111111111	\N	\N	0.00	0.00	0	0	0	0	WEEKEND	\N	\N	f	2026-02-27 18:46:00.767583	2026-02-27 18:46:00.767583
149ec2d4-4095-483c-9ddf-c36bf72b435f	22222222-2222-2222-2222-222222222222	2026-04-25	22222222-2222-2222-2222-222222222222	\N	\N	0.00	0.00	0	0	0	0	WEEKEND	\N	\N	f	2026-02-27 18:46:00.767583	2026-02-27 18:46:00.767583
ea4df6a5-d3f2-481e-842c-cedd4f0a9550	33333333-3333-3333-3333-333333333333	2026-04-25	33333333-3333-3333-3333-333333333333	\N	\N	0.00	0.00	0	0	0	0	WEEKEND	\N	\N	f	2026-02-27 18:46:00.767583	2026-02-27 18:46:00.767583
872dd8d2-ee80-4a1b-977e-995f134034d5	44444444-4444-4444-4444-444444444444	2026-04-25	44444444-4444-4444-4444-444444444444	\N	\N	0.00	0.00	0	0	0	0	WEEKEND	\N	\N	f	2026-02-27 18:46:00.767583	2026-02-27 18:46:00.767583
af4dd179-0cae-4b21-aa52-9444fa397c28	55555555-5555-5555-5555-555555555555	2026-04-25	55555555-5555-5555-5555-555555555555	\N	\N	0.00	0.00	0	0	0	0	WEEKEND	\N	\N	f	2026-02-27 18:46:00.767583	2026-02-27 18:46:00.767583
e623579c-5921-4871-b5f2-847e0973640e	11111111-1111-1111-1111-111111111111	2026-04-26	11111111-1111-1111-1111-111111111111	\N	\N	0.00	0.00	0	0	0	0	WEEKEND	\N	\N	f	2026-02-27 18:46:00.767583	2026-02-27 18:46:00.767583
2cfbf359-9057-4d30-a6bc-dcb26348d514	22222222-2222-2222-2222-222222222222	2026-04-26	22222222-2222-2222-2222-222222222222	\N	\N	0.00	0.00	0	0	0	0	WEEKEND	\N	\N	f	2026-02-27 18:46:00.767583	2026-02-27 18:46:00.767583
c49da604-2ad2-4caa-8378-a82a9aa1bf76	33333333-3333-3333-3333-333333333333	2026-04-26	33333333-3333-3333-3333-333333333333	\N	\N	0.00	0.00	0	0	0	0	WEEKEND	\N	\N	f	2026-02-27 18:46:00.767583	2026-02-27 18:46:00.767583
583cccec-8b91-4989-9d82-0b8b0845cfee	44444444-4444-4444-4444-444444444444	2026-04-26	44444444-4444-4444-4444-444444444444	\N	\N	0.00	0.00	0	0	0	0	WEEKEND	\N	\N	f	2026-02-27 18:46:00.767583	2026-02-27 18:46:00.767583
363f689c-a95c-4132-ac8b-f579e089d97f	55555555-5555-5555-5555-555555555555	2026-04-26	55555555-5555-5555-5555-555555555555	\N	\N	0.00	0.00	0	0	0	0	WEEKEND	\N	\N	f	2026-02-27 18:46:00.767583	2026-02-27 18:46:00.767583
badea9cd-e69b-402a-a718-87b84a4973e3	11111111-1111-1111-1111-111111111111	2026-04-27	11111111-1111-1111-1111-111111111111	2026-04-27 08:00:00	2026-04-27 17:00:00	8.00	0.00	480	0	0	0	WORKING	\N	\N	f	2026-02-27 18:46:00.767583	2026-02-27 18:46:00.767583
c53f07d4-acdb-471a-bdce-08cb89438de9	22222222-2222-2222-2222-222222222222	2026-04-27	22222222-2222-2222-2222-222222222222	2026-04-27 08:00:00	2026-04-27 17:00:00	8.00	0.00	480	0	0	0	WORKING	\N	\N	f	2026-02-27 18:46:00.767583	2026-02-27 18:46:00.767583
b58fe65d-4e1a-41f1-9698-1bccc5e606fc	33333333-3333-3333-3333-333333333333	2026-04-27	33333333-3333-3333-3333-333333333333	2026-04-27 08:00:00	2026-04-27 17:00:00	8.00	0.00	480	0	0	0	WORKING	\N	\N	f	2026-02-27 18:46:00.767583	2026-02-27 18:46:00.767583
cb2b9a8a-7ad4-4799-af3b-de2d97b67ebd	44444444-4444-4444-4444-444444444444	2026-04-27	44444444-4444-4444-4444-444444444444	2026-04-27 08:00:00	2026-04-27 17:00:00	8.00	0.00	480	0	0	0	WORKING	\N	\N	f	2026-02-27 18:46:00.767583	2026-02-27 18:46:00.767583
730a4ead-a464-4cc7-b496-4458f89f99e1	55555555-5555-5555-5555-555555555555	2026-04-27	55555555-5555-5555-5555-555555555555	2026-04-27 08:00:00	2026-04-27 17:00:00	8.00	0.00	480	0	0	0	WORKING	\N	\N	f	2026-02-27 18:46:00.767583	2026-02-27 18:46:00.767583
43a8d562-3fdb-4588-a1aa-17e9c5cdf87a	11111111-1111-1111-1111-111111111111	2026-04-28	11111111-1111-1111-1111-111111111111	2026-04-28 08:00:00	2026-04-28 17:00:00	8.00	0.00	480	0	0	0	WORKING	\N	\N	f	2026-02-27 18:46:00.767583	2026-02-27 18:46:00.767583
25f2ebea-8fcc-4116-9aff-dfac5948d43f	22222222-2222-2222-2222-222222222222	2026-04-28	22222222-2222-2222-2222-222222222222	2026-04-28 08:00:00	2026-04-28 17:00:00	8.00	0.00	480	0	0	0	WORKING	\N	\N	f	2026-02-27 18:46:00.767583	2026-02-27 18:46:00.767583
d969fd1e-46c4-43fa-9727-683e35c3fc90	33333333-3333-3333-3333-333333333333	2026-04-28	33333333-3333-3333-3333-333333333333	2026-04-28 08:00:00	2026-04-28 17:00:00	8.00	0.00	480	0	0	0	WORKING	\N	\N	f	2026-02-27 18:46:00.767583	2026-02-27 18:46:00.767583
0df1ed64-c100-4e01-899d-19469f7dcf6d	44444444-4444-4444-4444-444444444444	2026-04-28	44444444-4444-4444-4444-444444444444	2026-04-28 08:00:00	2026-04-28 17:00:00	8.00	0.00	480	0	0	0	WORKING	\N	\N	f	2026-02-27 18:46:00.767583	2026-02-27 18:46:00.767583
f0943367-d103-42cd-9157-4db8c0538708	55555555-5555-5555-5555-555555555555	2026-04-28	55555555-5555-5555-5555-555555555555	2026-04-28 08:00:00	2026-04-28 17:00:00	8.00	0.00	480	0	0	0	WORKING	\N	\N	f	2026-02-27 18:46:00.767583	2026-02-27 18:46:00.767583
d2fd3b02-1c00-4391-a236-5208071851d0	11111111-1111-1111-1111-111111111111	2026-04-29	11111111-1111-1111-1111-111111111111	2026-04-29 08:00:00	2026-04-29 17:00:00	8.00	0.00	480	0	0	0	WORKING	\N	\N	f	2026-02-27 18:46:00.767583	2026-02-27 18:46:00.767583
4e98dd11-804f-42ab-8e17-dfec5fe0b790	22222222-2222-2222-2222-222222222222	2026-04-29	22222222-2222-2222-2222-222222222222	2026-04-29 08:00:00	2026-04-29 17:00:00	8.00	0.00	480	0	0	0	WORKING	\N	\N	f	2026-02-27 18:46:00.767583	2026-02-27 18:46:00.767583
8a7a4223-ecd9-48bf-a7b1-dfb542076561	33333333-3333-3333-3333-333333333333	2026-04-29	33333333-3333-3333-3333-333333333333	2026-04-29 08:00:00	2026-04-29 17:00:00	8.00	0.00	480	0	0	0	WORKING	\N	\N	f	2026-02-27 18:46:00.767583	2026-02-27 18:46:00.767583
3a9c5083-b68c-47a0-a656-a94ec4b709be	44444444-4444-4444-4444-444444444444	2026-04-29	44444444-4444-4444-4444-444444444444	2026-04-29 08:00:00	2026-04-29 17:00:00	8.00	0.00	480	0	0	0	WORKING	\N	\N	f	2026-02-27 18:46:00.767583	2026-02-27 18:46:00.767583
7b1f9020-b91e-468c-a092-73005e8f20e4	55555555-5555-5555-5555-555555555555	2026-04-29	55555555-5555-5555-5555-555555555555	2026-04-29 08:00:00	2026-04-29 17:00:00	8.00	0.00	480	0	0	0	WORKING	\N	\N	f	2026-02-27 18:46:00.767583	2026-02-27 18:46:00.767583
39b2cbbc-0116-46e6-8eca-36b5fd0ec518	11111111-1111-1111-1111-111111111111	2026-04-30	11111111-1111-1111-1111-111111111111	2026-04-30 08:00:00	2026-04-30 17:00:00	8.00	0.00	480	0	0	0	WORKING	\N	\N	f	2026-02-27 18:46:00.767583	2026-02-27 18:46:00.767583
cf104ad6-2181-45f5-a461-b5e8b7ab5571	22222222-2222-2222-2222-222222222222	2026-04-30	22222222-2222-2222-2222-222222222222	2026-04-30 08:00:00	2026-04-30 17:00:00	8.00	0.00	480	0	0	0	WORKING	\N	\N	f	2026-02-27 18:46:00.767583	2026-02-27 18:46:00.767583
c7c1cd0f-0f9c-4655-8a72-bb7c2e9afdee	33333333-3333-3333-3333-333333333333	2026-04-30	33333333-3333-3333-3333-333333333333	2026-04-30 08:00:00	2026-04-30 17:00:00	8.00	0.00	480	0	0	0	WORKING	\N	\N	f	2026-02-27 18:46:00.767583	2026-02-27 18:46:00.767583
077170ea-a586-4553-8495-bf6f00f3ed2c	44444444-4444-4444-4444-444444444444	2026-04-30	44444444-4444-4444-4444-444444444444	2026-04-30 08:00:00	2026-04-30 17:00:00	8.00	0.00	480	0	0	0	WORKING	\N	\N	f	2026-02-27 18:46:00.767583	2026-02-27 18:46:00.767583
fb922cb7-4312-40d7-adc6-76eef3b4af7d	55555555-5555-5555-5555-555555555555	2026-04-30	55555555-5555-5555-5555-555555555555	2026-04-30 08:00:00	2026-04-30 17:00:00	8.00	0.00	480	0	0	0	WORKING	\N	\N	f	2026-02-27 18:46:00.767583	2026-02-27 18:46:00.767583
ccad26eb-62a3-4ecb-bd47-593be12210c3	11111111-1111-1111-1111-111111111111	2026-03-15	11111111-1111-1111-1111-111111111111	\N	\N	0.00	0.00	0	0	0	0	LEAVE	PAID	\N	f	2026-02-27 18:46:00.767583	2026-02-27 18:46:00.767583
85cdb8af-9da3-4c2d-a9cb-6f1654324fb1	22222222-2222-2222-2222-222222222222	2026-03-15	22222222-2222-2222-2222-222222222222	\N	\N	0.00	0.00	0	0	0	0	LEAVE	PAID	\N	f	2026-02-27 18:46:00.767583	2026-02-27 18:46:00.767583
35d9d466-ad56-4672-adc9-042cded70d31	33333333-3333-3333-3333-333333333333	2026-03-15	33333333-3333-3333-3333-333333333333	\N	\N	0.00	0.00	0	0	0	0	LEAVE	PAID	\N	f	2026-02-27 18:46:00.767583	2026-02-27 18:46:00.767583
41929ecd-e708-4378-a712-a8f6399333ff	44444444-4444-4444-4444-444444444444	2026-03-15	44444444-4444-4444-4444-444444444444	\N	\N	0.00	0.00	0	0	0	0	LEAVE	PAID	\N	f	2026-02-27 18:46:00.767583	2026-02-27 18:46:00.767583
ad03bcdd-2245-4533-ade5-e7910fb147da	55555555-5555-5555-5555-555555555555	2026-03-15	55555555-5555-5555-5555-555555555555	\N	\N	0.00	0.00	0	0	0	0	LEAVE	PAID	\N	f	2026-02-27 18:46:00.767583	2026-02-27 18:46:00.767583
2fb8cd89-c643-4494-8987-1a7f1e1f106d	11111111-1111-1111-1111-111111111111	2026-03-10	11111111-1111-1111-1111-111111111111	2026-03-10 08:00:00	2026-03-10 19:00:00	10.00	2.00	600	120	0	0	WORKING	\N	\N	f	2026-02-27 18:46:00.767583	2026-02-27 18:46:00.767583
6e166375-3582-4c29-a69c-06c04d7c7108	22222222-2222-2222-2222-222222222222	2026-03-10	22222222-2222-2222-2222-222222222222	2026-03-10 08:00:00	2026-03-10 19:00:00	10.00	2.00	600	120	0	0	WORKING	\N	\N	f	2026-02-27 18:46:00.767583	2026-02-27 18:46:00.767583
0a1fc30d-34c6-47df-bf97-23de4dd59525	33333333-3333-3333-3333-333333333333	2026-03-10	33333333-3333-3333-3333-333333333333	2026-03-10 08:00:00	2026-03-10 19:00:00	10.00	2.00	600	120	0	0	WORKING	\N	\N	f	2026-02-27 18:46:00.767583	2026-02-27 18:46:00.767583
7d61edd2-539a-41a9-ad50-10fc42af494c	44444444-4444-4444-4444-444444444444	2026-03-10	44444444-4444-4444-4444-444444444444	2026-03-10 08:00:00	2026-03-10 19:00:00	10.00	2.00	600	120	0	0	WORKING	\N	\N	f	2026-02-27 18:46:00.767583	2026-02-27 18:46:00.767583
ae8a258d-f6ea-4c7f-bcf3-81bcb2e1e49c	55555555-5555-5555-5555-555555555555	2026-03-10	55555555-5555-5555-5555-555555555555	2026-03-10 08:00:00	2026-03-10 19:00:00	10.00	2.00	600	120	0	0	WORKING	\N	\N	f	2026-02-27 18:46:00.767583	2026-02-27 18:46:00.767583
175bdbe9-39c5-4776-add3-8481af2b11fc	55555555-5555-5555-5555-555555555555	2026-03-03	55555555-5555-5555-5555-555555555555	2026-03-03 08:30:00	2026-03-03 17:00:00	7.50	0.00	450	0	30	0	WORKING	\N	\N	f	2026-02-27 18:46:00.767583	2026-02-27 18:46:00.767583
\.


--
-- Data for Name: contract_template; Type: TABLE DATA; Schema: public; Owner: neondb_owner
--

COPY public.contract_template (id, code, name, default_duration, duration_type, group_name, description, policy, is_active, created_at, created_by, last_updated) FROM stdin;
11111111-1111-1111-1111-111111111111	HD-TV	Hợp đồng thử việc	2	MONTH	Thử việc	Hợp đồng thử việc 2 tháng	85% lương cơ bản, không BHXH	t	2026-02-20 16:07:07.587387	admin	2026-02-20 16:07:07.587387
22222222-2222-2222-2222-222222222222	HD-XD	Hợp đồng xác định thời hạn	12	MONTH	Chính thức	Hợp đồng 12 tháng	Đầy đủ BHXH, BHYT, BHTN	t	2026-02-20 16:07:07.587387	admin	2026-02-20 16:07:07.587387
33333333-3333-3333-3333-333333333333	HD-KXD	Hợp đồng không xác định thời hạn	\N	NONE	Chính thức	Hợp đồng không thời hạn	Đầy đủ BHXH + thưởng thâm niên	t	2026-02-20 16:07:07.587387	admin	2026-02-20 16:07:07.587387
\.


--
-- Data for Name: employee; Type: TABLE DATA; Schema: public; Owner: neondb_owner
--

COPY public.employee (id, employee_code, full_name, gender, dob, national_id, phone, personal_email, work_email, permanent_address, current_address, hometown, marital_status, dependents_count, hire_date, probation_end_date, employment_type, status, avatar_url, manager_id, created_at, updated_at) FROM stdin;
11111111-1111-1111-1111-111111111111	EMP0001	Nguyễn Văn Minh	MALE	1985-04-12	012345678901	0905123456	minh.nguyen@gmail.com	nguyenvanminh@atlas-erp.com	123 Lê Lợi, Quận 1, TP.HCM	123 Lê Lợi, Quận 1, TP.HCM	Đà Nẵng	MARRIED	2	2020-01-15	\N	FULL_TIME	ACTIVE	https://i.pravatar.cc/150?u=11111111111111111111111111111111	\N	2026-02-26 10:43:57.602477+00	2026-02-26 10:43:57.602477+00
22222222-2222-2222-2222-222222222222	EMP0002	Trần Thị Lan	FEMALE	1990-08-20	098765432109	0912345678	lan.tran@gmail.com	tranthilan@atlas-erp.com	45 Nguyễn Huệ, Quận 1, TP.HCM	78 Điện Biên Phủ, Bình Thạnh, TP.HCM	Huế	MARRIED	1	2021-03-01	\N	FULL_TIME	ACTIVE	https://i.pravatar.cc/150?u=22222222222222222222222222222222	11111111-1111-1111-1111-111111111111	2026-02-26 10:43:57.602477+00	2026-02-26 10:43:57.602477+00
33333333-3333-3333-3333-333333333333	EMP0003	Lê Quốc Anh	MALE	1998-11-05	123450987654	0933445566	anh.le@gmail.com	lequocanh@atlas-erp.com	12 Trần Phú, Hải Châu, Đà Nẵng	Chung cư Sunrise, Quận 7, TP.HCM	Quảng Nam	SINGLE	0	2025-01-10	2025-03-10	FULL_TIME	PROBATION	https://i.pravatar.cc/150?u=33333333333333333333333333333333	22222222-2222-2222-2222-222222222222	2026-02-26 10:43:57.602477+00	2026-02-26 10:43:57.602477+00
44444444-4444-4444-4444-444444444444	EMP0004	Phạm Thị Hương	FEMALE	1992-06-18	567890123456	0977554433	huong.pham@gmail.com	phamthihuong@atlas-erp.com	99 Võ Văn Tần, Quận 3, TP.HCM	99 Võ Văn Tần, Quận 3, TP.HCM	Cần Thơ	MARRIED	1	2022-07-01	\N	FULL_TIME	MATERNITY_LEAVE	https://i.pravatar.cc/150?u=44444444444444444444444444444444	22222222-2222-2222-2222-222222222222	2026-02-26 10:43:57.602477+00	2026-02-26 10:43:57.602477+00
fca11ac1-bb9c-42e9-bd08-9aa296c4994e	EMP002	Bùi Thị Giang	FEMALE	2001-03-24	079222785922	0905383625	nhanvien.atlas2@gmail.com	buithigiang@atlas-erp.com	Số 21 Nguyễn Đình Chiểu, Quận 3, TP.HCM	Số 128 Nguyễn Đình Chiểu, Quận 3, TP.HCM	TP.HCM	SINGLE	2	2024-06-04	2024-10-23	FULL_TIME	ACTIVE	https://i.pravatar.cc/150?u=fca11ac1bb9c42e9bd089aa296c4994e	\N	2026-03-24 05:10:24.020335+00	2026-03-24 05:10:24.020335+00
02df323e-8616-442e-b508-5be3b62202d6	EMP003	Hoàng Thanh Hà	FEMALE	2002-03-24	079225836914	0904738131	nhanvien.atlas3@gmail.com	hoangthanhha@atlas-erp.com	Số 494 Nguyễn Đình Chiểu, Quận 3, TP.HCM	Số 333 Nguyễn Đình Chiểu, Quận 3, TP.HCM	TP.HCM	SINGLE	0	2025-08-07	2024-10-03	FULL_TIME	ACTIVE	https://i.pravatar.cc/150?u=02df323e8616442eb5085be3b62202d6	\N	2026-03-24 05:10:24.020335+00	2026-03-24 05:10:24.020335+00
38b6d40e-78bf-4367-aeb8-2818d833203f	EMP004	Trần Xuân Hương	MALE	2003-03-24	079244089330	0908556892	nhanvien.atlas4@gmail.com	tranxuanhuong@atlas-erp.com	Số 274 Nguyễn Đình Chiểu, Quận 3, TP.HCM	Số 461 Nguyễn Đình Chiểu, Quận 3, TP.HCM	TP.HCM	SINGLE	2	2025-02-25	2024-05-10	FULL_TIME	ACTIVE	https://i.pravatar.cc/150?u=38b6d40e78bf4367aeb82818d833203f	\N	2026-03-24 05:10:24.020335+00	2026-03-24 05:10:24.020335+00
452fb060-0833-474f-a0b4-2f0addff3f0a	EMP005	Vũ Minh Oanh	FEMALE	2002-03-24	079267018886	0903811942	nhanvien.atlas5@gmail.com	vuminhoanh@atlas-erp.com	Số 462 Nguyễn Đình Chiểu, Quận 3, TP.HCM	Số 337 Nguyễn Đình Chiểu, Quận 3, TP.HCM	TP.HCM	MARRIED	2	2025-12-20	2025-02-15	FULL_TIME	ACTIVE	https://i.pravatar.cc/150?u=452fb0600833474fa0b42f0addff3f0a	\N	2026-03-24 05:10:24.020335+00	2026-03-24 05:10:24.020335+00
f5b343b2-9a90-4a3e-be0f-40af9817b167	EMP006	Nguyễn Hải Nam	MALE	2004-03-24	079273770184	0900690461	nhanvien.atlas6@gmail.com	nguyenhainam@atlas-erp.com	Số 78 Nguyễn Đình Chiểu, Quận 3, TP.HCM	Số 46 Nguyễn Đình Chiểu, Quận 3, TP.HCM	TP.HCM	MARRIED	1	2025-02-08	2024-01-08	FULL_TIME	ACTIVE	https://i.pravatar.cc/150?u=f5b343b29a904a3ebe0f40af9817b167	\N	2026-03-24 05:10:24.020335+00	2026-03-24 05:10:24.020335+00
220256d9-f256-4b5f-93bd-37956141166f	EMP007	Đinh Ngọc Phong	MALE	1997-03-24	079281250126	0901125646	nhanvien.atlas7@gmail.com	dinhngocphong@atlas-erp.com	Số 191 Nguyễn Đình Chiểu, Quận 3, TP.HCM	Số 129 Nguyễn Đình Chiểu, Quận 3, TP.HCM	TP.HCM	MARRIED	2	2025-04-09	2023-12-06	FULL_TIME	ACTIVE	https://i.pravatar.cc/150?u=220256d9f2564b5f93bd37956141166f	\N	2026-03-24 05:10:24.020335+00	2026-03-24 05:10:24.020335+00
48d23a0c-0b5a-4d1d-9334-e0355513978c	EMP008	Hoàng Hữu Hà	FEMALE	1994-03-24	079251009488	0901137356	nhanvien.atlas8@gmail.com	hoanghuuha@atlas-erp.com	Số 268 Nguyễn Đình Chiểu, Quận 3, TP.HCM	Số 479 Nguyễn Đình Chiểu, Quận 3, TP.HCM	TP.HCM	SINGLE	1	2025-08-12	2025-04-20	FULL_TIME	ACTIVE	https://i.pravatar.cc/150?u=48d23a0c0b5a4d1d9334e0355513978c	\N	2026-03-24 05:10:24.020335+00	2026-03-24 05:10:24.020335+00
25b24cf8-510a-4145-8a99-c6a6175d5050	EMP009	Phạm Đức Oanh	FEMALE	2003-03-24	079260842701	0905387577	nhanvien.atlas9@gmail.com	phamducoanh@atlas-erp.com	Số 224 Nguyễn Đình Chiểu, Quận 3, TP.HCM	Số 12 Nguyễn Đình Chiểu, Quận 3, TP.HCM	TP.HCM	SINGLE	0	2024-06-17	2025-03-23	FULL_TIME	ACTIVE	https://i.pravatar.cc/150?u=25b24cf8510a41458a99c6a6175d5050	\N	2026-03-24 05:10:24.020335+00	2026-03-24 05:10:24.020335+00
7bf2bdb3-51af-416f-96a1-40dbbf39d90f	EMP010	Lý Minh Hà	FEMALE	1995-03-24	079288083824	0903354135	nhanvien.atlas10@gmail.com	lyminhha@atlas-erp.com	Số 4 Nguyễn Đình Chiểu, Quận 3, TP.HCM	Số 275 Nguyễn Đình Chiểu, Quận 3, TP.HCM	TP.HCM	SINGLE	1	2023-07-24	2023-08-28	FULL_TIME	ACTIVE	https://i.pravatar.cc/150?u=7bf2bdb351af416f96a140dbbf39d90f	\N	2026-03-24 05:10:24.020335+00	2026-03-24 05:10:24.020335+00
64a9d143-46f2-44ad-8bab-663a352e35d4	EMP011	Đinh Hải Trang	FEMALE	1998-03-24	079270928220	0903447724	nhanvien.atlas11@gmail.com	dinhhaitrang@atlas-erp.com	Số 421 Nguyễn Đình Chiểu, Quận 3, TP.HCM	Số 362 Nguyễn Đình Chiểu, Quận 3, TP.HCM	TP.HCM	SINGLE	1	2024-07-21	2025-11-27	FULL_TIME	ACTIVE	https://i.pravatar.cc/150?u=64a9d14346f244ad8bab663a352e35d4	\N	2026-03-24 05:10:24.020335+00	2026-03-24 05:10:24.020335+00
74a4748f-edeb-4c0b-a565-c3c59b889db2	EMP012	Hoàng Ngọc Quang	FEMALE	1994-03-24	079294259057	0907840442	nhanvien.atlas12@gmail.com	hoangngocquang@atlas-erp.com	Số 361 Nguyễn Đình Chiểu, Quận 3, TP.HCM	Số 221 Nguyễn Đình Chiểu, Quận 3, TP.HCM	TP.HCM	SINGLE	1	2026-01-29	2025-11-02	FULL_TIME	ACTIVE	https://i.pravatar.cc/150?u=74a4748fedeb4c0ba565c3c59b889db2	\N	2026-03-24 05:10:24.020335+00	2026-03-24 05:10:24.020335+00
aafe1a32-80c2-4b88-adfc-e8c8d0d3c52a	EMP013	Lê Hải Kiên	FEMALE	1995-03-24	079277052391	0903038694	nhanvien.atlas13@gmail.com	lehaikien@atlas-erp.com	Số 478 Nguyễn Đình Chiểu, Quận 3, TP.HCM	Số 186 Nguyễn Đình Chiểu, Quận 3, TP.HCM	TP.HCM	SINGLE	0	2024-06-10	2025-08-04	FULL_TIME	ACTIVE	https://i.pravatar.cc/150?u=aafe1a3280c24b88adfce8c8d0d3c52a	\N	2026-03-24 05:10:24.020335+00	2026-03-24 05:10:24.020335+00
fcfc93e5-20ca-4ed7-b243-f8f579ddfa9c	EMP014	Bùi Đức Linh	MALE	1996-03-24	079252661854	0907668958	nhanvien.atlas14@gmail.com	buiduclinh@atlas-erp.com	Số 51 Nguyễn Đình Chiểu, Quận 3, TP.HCM	Số 395 Nguyễn Đình Chiểu, Quận 3, TP.HCM	TP.HCM	SINGLE	2	2023-11-14	2024-12-29	FULL_TIME	ACTIVE	https://i.pravatar.cc/150?u=fcfc93e520ca4ed7b243f8f579ddfa9c	\N	2026-03-24 05:10:24.020335+00	2026-03-24 05:10:24.020335+00
88f22110-8758-4ba2-b8ea-d2945fc08da8	EMP015	Nguyễn Xuân Hương	FEMALE	1999-03-24	079209463016	0904095389	nhanvien.atlas15@gmail.com	nguyenxuanhuong@atlas-erp.com	Số 148 Nguyễn Đình Chiểu, Quận 3, TP.HCM	Số 310 Nguyễn Đình Chiểu, Quận 3, TP.HCM	TP.HCM	MARRIED	1	2025-05-13	2026-01-26	FULL_TIME	ACTIVE	https://i.pravatar.cc/150?u=88f2211087584ba2b8ead2945fc08da8	\N	2026-03-24 05:10:24.020335+00	2026-03-24 05:10:24.020335+00
395d105a-c868-404e-af83-22ea334894d8	EMP016	Bùi Xuân Hà	FEMALE	2004-03-24	079253482331	0903522031	nhanvien.atlas16@gmail.com	buixuanha@atlas-erp.com	Số 489 Nguyễn Đình Chiểu, Quận 3, TP.HCM	Số 88 Nguyễn Đình Chiểu, Quận 3, TP.HCM	TP.HCM	MARRIED	1	2024-04-10	2024-10-19	FULL_TIME	ACTIVE	https://i.pravatar.cc/150?u=395d105ac868404eaf8322ea334894d8	\N	2026-03-24 05:10:24.020335+00	2026-03-24 05:10:24.020335+00
1d2fe8f0-4e67-41ce-b741-7e2a8b93748d	EMP017	Bùi Đức Nam	MALE	2004-03-24	079209956576	0904050432	nhanvien.atlas17@gmail.com	buiducnam@atlas-erp.com	Số 222 Nguyễn Đình Chiểu, Quận 3, TP.HCM	Số 115 Nguyễn Đình Chiểu, Quận 3, TP.HCM	TP.HCM	MARRIED	0	2025-10-01	2025-09-26	FULL_TIME	ACTIVE	https://i.pravatar.cc/150?u=1d2fe8f04e6741ceb7417e2a8b93748d	\N	2026-03-24 05:10:24.020335+00	2026-03-24 05:10:24.020335+00
6938d2ab-0452-4fda-b922-ad6645d9cbb6	EMP018	Đặng Minh Bảo	MALE	1990-03-24	079295533174	0901163535	nhanvien.atlas18@gmail.com	dangminhbao@atlas-erp.com	Số 157 Nguyễn Đình Chiểu, Quận 3, TP.HCM	Số 33 Nguyễn Đình Chiểu, Quận 3, TP.HCM	TP.HCM	SINGLE	0	2025-12-31	2025-05-28	FULL_TIME	ACTIVE	https://i.pravatar.cc/150?u=6938d2ab04524fdab922ad6645d9cbb6	\N	2026-03-24 05:10:24.020335+00	2026-03-24 05:10:24.020335+00
16a4fe88-8ade-4487-b6d9-98a4b1a9d236	EMP019	Hoàng Đức Giang	MALE	1996-03-24	079223223743	0907178337	nhanvien.atlas19@gmail.com	hoangducgiang@atlas-erp.com	Số 113 Nguyễn Đình Chiểu, Quận 3, TP.HCM	Số 374 Nguyễn Đình Chiểu, Quận 3, TP.HCM	TP.HCM	SINGLE	2	2024-06-16	2026-05-21	FULL_TIME	ACTIVE	https://i.pravatar.cc/150?u=16a4fe888ade4487b6d998a4b1a9d236	\N	2026-03-24 05:10:24.020335+00	2026-03-24 05:10:24.020335+00
ad52e089-aaec-4fe8-bb0c-23723ffdc6ee	EMP020	Hoàng Ngọc Phong	MALE	1994-03-24	079249236723	0902812585	nhanvien.atlas20@gmail.com	hoangngocphong@atlas-erp.com	Số 161 Nguyễn Đình Chiểu, Quận 3, TP.HCM	Số 221 Nguyễn Đình Chiểu, Quận 3, TP.HCM	TP.HCM	MARRIED	2	2025-08-24	2024-02-01	FULL_TIME	ACTIVE	https://i.pravatar.cc/150?u=ad52e089aaec4fe8bb0c23723ffdc6ee	\N	2026-03-24 05:10:24.020335+00	2026-03-24 05:10:24.020335+00
3ef38f7f-71e2-4b73-b0c9-fa69b4e13e04	EMP021	Đặng Văn Phong	FEMALE	2001-03-24	079219941084	0901693257	nhanvien.atlas21@gmail.com	dangvanphong@atlas-erp.com	Số 456 Nguyễn Đình Chiểu, Quận 3, TP.HCM	Số 241 Nguyễn Đình Chiểu, Quận 3, TP.HCM	TP.HCM	MARRIED	1	2023-09-11	2024-10-23	FULL_TIME	ACTIVE	https://i.pravatar.cc/150?u=3ef38f7f71e24b73b0c9fa69b4e13e04	\N	2026-03-24 05:10:24.020335+00	2026-03-24 05:10:24.020335+00
1131d0e0-81fa-4f99-b8d5-7c30b734c0ad	EMP022	Lê Thị Bảo	MALE	1999-03-24	079237591116	0906680420	nhanvien.atlas22@gmail.com	lethibao@atlas-erp.com	Số 111 Nguyễn Đình Chiểu, Quận 3, TP.HCM	Số 75 Nguyễn Đình Chiểu, Quận 3, TP.HCM	TP.HCM	SINGLE	0	2024-11-03	2025-09-18	FULL_TIME	ACTIVE	https://i.pravatar.cc/150?u=1131d0e081fa4f99b8d57c30b734c0ad	\N	2026-03-24 05:10:24.020335+00	2026-03-24 05:10:24.020335+00
60bd438b-4c8e-4598-9cac-4115044efcb5	EMP023	Bùi Thanh Kiên	FEMALE	1997-03-24	079297048989	0903301419	nhanvien.atlas23@gmail.com	buithanhkien@atlas-erp.com	Số 33 Nguyễn Đình Chiểu, Quận 3, TP.HCM	Số 188 Nguyễn Đình Chiểu, Quận 3, TP.HCM	TP.HCM	MARRIED	2	2024-01-01	2024-02-29	FULL_TIME	ACTIVE	https://i.pravatar.cc/150?u=60bd438b4c8e45989cac4115044efcb5	\N	2026-03-24 05:10:24.020335+00	2026-03-24 05:10:24.020335+00
0772d453-2402-4e88-a02d-b950780e3b0c	EMP024	Hoàng Hữu Quang	FEMALE	1997-03-24	079256200157	0907698436	nhanvien.atlas24@gmail.com	hoanghuuquang@atlas-erp.com	Số 453 Nguyễn Đình Chiểu, Quận 3, TP.HCM	Số 348 Nguyễn Đình Chiểu, Quận 3, TP.HCM	TP.HCM	SINGLE	2	2023-11-16	2024-05-07	FULL_TIME	ACTIVE	https://i.pravatar.cc/150?u=0772d45324024e88a02db950780e3b0c	\N	2026-03-24 05:10:24.020335+00	2026-03-24 05:10:24.020335+00
ae1049ad-449f-4d49-b2dd-8f70f84e20a7	EMP025	Vũ Đức Hà	FEMALE	1998-03-24	079265311336	0908498541	nhanvien.atlas25@gmail.com	vuducha@atlas-erp.com	Số 321 Nguyễn Đình Chiểu, Quận 3, TP.HCM	Số 435 Nguyễn Đình Chiểu, Quận 3, TP.HCM	TP.HCM	MARRIED	1	2023-12-10	2025-06-17	FULL_TIME	ACTIVE	https://i.pravatar.cc/150?u=ae1049ad449f4d49b2dd8f70f84e20a7	\N	2026-03-24 05:10:24.020335+00	2026-03-24 05:10:24.020335+00
431e9d30-09d9-47bc-af8b-ef6118b3ba22	EMP026	Lê Thị Hà	MALE	1990-03-24	079218339040	0908289788	nhanvien.atlas26@gmail.com	lethiha@atlas-erp.com	Số 49 Nguyễn Đình Chiểu, Quận 3, TP.HCM	Số 419 Nguyễn Đình Chiểu, Quận 3, TP.HCM	TP.HCM	MARRIED	2	2025-06-25	2025-07-18	FULL_TIME	ACTIVE	https://i.pravatar.cc/150?u=431e9d3009d947bcaf8bef6118b3ba22	\N	2026-03-24 05:10:24.020335+00	2026-03-24 05:10:24.020335+00
26182c49-e175-4cb9-b4d1-557db8cd32f5	EMP027	Lý Xuân Tuấn	FEMALE	1999-03-24	079267289737	0901128024	nhanvien.atlas27@gmail.com	lyxuantuan@atlas-erp.com	Số 199 Nguyễn Đình Chiểu, Quận 3, TP.HCM	Số 63 Nguyễn Đình Chiểu, Quận 3, TP.HCM	TP.HCM	SINGLE	1	2024-02-09	2023-10-10	FULL_TIME	ACTIVE	https://i.pravatar.cc/150?u=26182c49e1754cb9b4d1557db8cd32f5	\N	2026-03-24 05:10:24.020335+00	2026-03-24 05:10:24.020335+00
78ca5980-7a13-4cee-ac0d-37b431e63693	EMP028	Trần Minh Hương	FEMALE	2003-03-24	079209726984	0907481553	nhanvien.atlas28@gmail.com	tranminhhuong@atlas-erp.com	Số 120 Nguyễn Đình Chiểu, Quận 3, TP.HCM	Số 69 Nguyễn Đình Chiểu, Quận 3, TP.HCM	TP.HCM	MARRIED	0	2023-11-28	2026-04-13	FULL_TIME	ACTIVE	https://i.pravatar.cc/150?u=78ca59807a134ceeac0d37b431e63693	\N	2026-03-24 05:10:24.020335+00	2026-03-24 05:10:24.020335+00
daf8c44c-3dd2-4af7-aea5-7b68c00a2ee4	EMP029	Bùi Thu Linh	FEMALE	2004-03-24	079290589969	0908399016	nhanvien.atlas29@gmail.com	buithulinh@atlas-erp.com	Số 173 Nguyễn Đình Chiểu, Quận 3, TP.HCM	Số 225 Nguyễn Đình Chiểu, Quận 3, TP.HCM	TP.HCM	MARRIED	1	2025-07-31	2024-03-27	FULL_TIME	ACTIVE	https://i.pravatar.cc/150?u=daf8c44c3dd24af7aea57b68c00a2ee4	\N	2026-03-24 05:10:24.020335+00	2026-03-24 05:10:24.020335+00
36df5d1f-f0a4-48c3-aca2-eda9af220a54	EMP030	Nguyễn Hải Trang	FEMALE	1998-03-24	079215926104	0900565515	nhanvien.atlas30@gmail.com	nguyenhaitrang@atlas-erp.com	Số 352 Nguyễn Đình Chiểu, Quận 3, TP.HCM	Số 24 Nguyễn Đình Chiểu, Quận 3, TP.HCM	TP.HCM	SINGLE	0	2025-12-13	2026-02-05	FULL_TIME	ACTIVE	https://i.pravatar.cc/150?u=36df5d1ff0a448c3aca2eda9af220a54	\N	2026-03-24 05:10:24.020335+00	2026-03-24 05:10:24.020335+00
936779e0-5455-423f-938f-5f5b45d6e91a	EMP031	Nguyễn Đức Trang	MALE	2003-03-24	079242938350	0907682620	nhanvien.atlas31@gmail.com	nguyenductrang@atlas-erp.com	Số 293 Nguyễn Đình Chiểu, Quận 3, TP.HCM	Số 10 Nguyễn Đình Chiểu, Quận 3, TP.HCM	TP.HCM	MARRIED	1	2024-04-02	2024-05-04	FULL_TIME	ACTIVE	https://i.pravatar.cc/150?u=936779e05455423f938f5f5b45d6e91a	\N	2026-03-24 05:10:24.020335+00	2026-03-24 05:10:24.020335+00
ed42f9b2-43ef-48aa-a651-86fcadf29274	EMP032	Hoàng Hải Hà	FEMALE	1993-03-24	079297442029	0906282946	nhanvien.atlas32@gmail.com	hoanghaiha@atlas-erp.com	Số 254 Nguyễn Đình Chiểu, Quận 3, TP.HCM	Số 396 Nguyễn Đình Chiểu, Quận 3, TP.HCM	TP.HCM	SINGLE	0	2023-12-09	2025-09-08	FULL_TIME	ACTIVE	https://i.pravatar.cc/150?u=ed42f9b243ef48aaa65186fcadf29274	\N	2026-03-24 05:10:24.020335+00	2026-03-24 05:10:24.020335+00
f173ed6c-5fc8-47a3-9a4e-7fca87e410f8	EMP033	Phạm Thị Tuấn	MALE	1997-03-24	079255842615	0904138721	nhanvien.atlas33@gmail.com	phamthituan@atlas-erp.com	Số 112 Nguyễn Đình Chiểu, Quận 3, TP.HCM	Số 173 Nguyễn Đình Chiểu, Quận 3, TP.HCM	TP.HCM	SINGLE	1	2023-10-21	2026-01-02	FULL_TIME	ACTIVE	https://i.pravatar.cc/150?u=f173ed6c5fc847a39a4e7fca87e410f8	\N	2026-03-24 05:10:24.020335+00	2026-03-24 05:10:24.020335+00
5f317b7d-1480-4cc9-b53e-49358169ed0d	EMP034	Đặng Thị Linh	MALE	1991-03-24	079284643210	0903640121	nhanvien.atlas34@gmail.com	dangthilinh@atlas-erp.com	Số 231 Nguyễn Đình Chiểu, Quận 3, TP.HCM	Số 424 Nguyễn Đình Chiểu, Quận 3, TP.HCM	TP.HCM	SINGLE	1	2025-09-27	2025-02-19	FULL_TIME	ACTIVE	https://i.pravatar.cc/150?u=5f317b7d14804cc9b53e49358169ed0d	\N	2026-03-24 05:10:24.020335+00	2026-03-24 05:10:24.020335+00
b3b96c27-9382-41e0-8d73-20d92feeff7b	EMP035	Phạm Văn Dũng	MALE	1990-03-24	079218625386	0909401022	nhanvien.atlas35@gmail.com	phamvandung@atlas-erp.com	Số 212 Nguyễn Đình Chiểu, Quận 3, TP.HCM	Số 59 Nguyễn Đình Chiểu, Quận 3, TP.HCM	TP.HCM	SINGLE	1	2026-01-15	2025-02-16	FULL_TIME	ACTIVE	https://i.pravatar.cc/150?u=b3b96c27938241e08d7320d92feeff7b	\N	2026-03-24 05:10:24.020335+00	2026-03-24 05:10:24.020335+00
875a4b0d-9d65-45bc-94d7-c6dc2f71cf76	EMP036	Nguyễn Văn Linh	FEMALE	2001-03-24	079295378686	0908827190	nhanvien.atlas36@gmail.com	nguyenvanlinh@atlas-erp.com	Số 308 Nguyễn Đình Chiểu, Quận 3, TP.HCM	Số 383 Nguyễn Đình Chiểu, Quận 3, TP.HCM	TP.HCM	SINGLE	2	2023-08-28	2024-09-30	FULL_TIME	ACTIVE	https://i.pravatar.cc/150?u=875a4b0d9d6545bc94d7c6dc2f71cf76	\N	2026-03-24 05:10:24.020335+00	2026-03-24 05:10:24.020335+00
e14e3423-0ccb-41b3-82ef-7937e4e8fdc9	EMP037	Đinh Đức Phong	FEMALE	1990-03-24	079297525515	0900826723	nhanvien.atlas37@gmail.com	dinhducphong@atlas-erp.com	Số 328 Nguyễn Đình Chiểu, Quận 3, TP.HCM	Số 357 Nguyễn Đình Chiểu, Quận 3, TP.HCM	TP.HCM	MARRIED	0	2024-04-02	2025-06-15	FULL_TIME	ACTIVE	https://i.pravatar.cc/150?u=e14e34230ccb41b382ef7937e4e8fdc9	\N	2026-03-24 05:10:24.020335+00	2026-03-24 05:10:24.020335+00
b27063fd-713e-471d-891b-edee1eade2bd	EMP038	Đặng Thanh Kiên	FEMALE	2004-03-24	079228626590	0903009183	nhanvien.atlas38@gmail.com	dangthanhkien@atlas-erp.com	Số 348 Nguyễn Đình Chiểu, Quận 3, TP.HCM	Số 438 Nguyễn Đình Chiểu, Quận 3, TP.HCM	TP.HCM	MARRIED	0	2024-05-02	2025-04-18	FULL_TIME	ACTIVE	https://i.pravatar.cc/150?u=b27063fd713e471d891bedee1eade2bd	\N	2026-03-24 05:10:24.020335+00	2026-03-24 05:10:24.020335+00
f454bf50-2ed6-4055-9cb6-73d44b3bd351	EMP039	Vũ Minh Quang	FEMALE	1996-03-24	079231458441	0903877584	nhanvien.atlas39@gmail.com	vuminhquang@atlas-erp.com	Số 43 Nguyễn Đình Chiểu, Quận 3, TP.HCM	Số 168 Nguyễn Đình Chiểu, Quận 3, TP.HCM	TP.HCM	SINGLE	0	2025-06-21	2025-02-28	FULL_TIME	ACTIVE	https://i.pravatar.cc/150?u=f454bf502ed640559cb673d44b3bd351	\N	2026-03-24 05:10:24.020335+00	2026-03-24 05:10:24.020335+00
2c9d997f-dca8-44f5-9e5d-94a5a0e0b29f	EMP040	Phạm Đức Cường	MALE	1990-03-24	079251504360	0904428755	nhanvien.atlas40@gmail.com	phamduccuong@atlas-erp.com	Số 397 Nguyễn Đình Chiểu, Quận 3, TP.HCM	Số 418 Nguyễn Đình Chiểu, Quận 3, TP.HCM	TP.HCM	SINGLE	0	2026-01-29	2025-12-31	FULL_TIME	ACTIVE	https://i.pravatar.cc/150?u=2c9d997fdca844f59e5d94a5a0e0b29f	\N	2026-03-24 05:10:24.020335+00	2026-03-24 05:10:24.020335+00
7865cc7f-adcb-4968-bf20-d4d4d4ea85a2	EMP041	Đinh Hữu Hương	FEMALE	2002-03-24	079209963020	0909764708	nhanvien.atlas41@gmail.com	dinhhuuhuong@atlas-erp.com	Số 35 Nguyễn Đình Chiểu, Quận 3, TP.HCM	Số 23 Nguyễn Đình Chiểu, Quận 3, TP.HCM	TP.HCM	MARRIED	1	2023-07-14	2024-01-12	FULL_TIME	ACTIVE	https://i.pravatar.cc/150?u=7865cc7fadcb4968bf20d4d4d4ea85a2	\N	2026-03-24 05:10:24.020335+00	2026-03-24 05:10:24.020335+00
7d70da85-c238-41a4-a187-cb05aada2790	EMP042	Phạm Văn Kiên	MALE	2000-03-24	079288691451	0903188753	nhanvien.atlas42@gmail.com	phamvankien@atlas-erp.com	Số 470 Nguyễn Đình Chiểu, Quận 3, TP.HCM	Số 134 Nguyễn Đình Chiểu, Quận 3, TP.HCM	TP.HCM	SINGLE	0	2023-09-09	2024-03-15	FULL_TIME	ACTIVE	https://i.pravatar.cc/150?u=7d70da85c23841a4a187cb05aada2790	\N	2026-03-24 05:10:24.020335+00	2026-03-24 05:10:24.020335+00
8988b0ef-28d1-43c9-9b2e-f34dc27ce49a	EMP043	Bùi Thị Oanh	FEMALE	2002-03-24	079261257170	0900819457	nhanvien.atlas43@gmail.com	buithioanh@atlas-erp.com	Số 155 Nguyễn Đình Chiểu, Quận 3, TP.HCM	Số 36 Nguyễn Đình Chiểu, Quận 3, TP.HCM	TP.HCM	SINGLE	2	2025-10-26	2025-11-20	FULL_TIME	ACTIVE	https://i.pravatar.cc/150?u=8988b0ef28d143c99b2ef34dc27ce49a	\N	2026-03-24 05:10:24.020335+00	2026-03-24 05:10:24.020335+00
5182e540-ef64-45be-b239-203c07a4199f	EMP044	Lê Thu Hà	FEMALE	2000-03-24	079205943110	0901152891	nhanvien.atlas44@gmail.com	lethuha@atlas-erp.com	Số 239 Nguyễn Đình Chiểu, Quận 3, TP.HCM	Số 287 Nguyễn Đình Chiểu, Quận 3, TP.HCM	TP.HCM	SINGLE	2	2023-09-26	2024-01-21	FULL_TIME	ACTIVE	https://i.pravatar.cc/150?u=5182e540ef6445beb239203c07a4199f	\N	2026-03-24 05:10:24.020335+00	2026-03-24 05:10:24.020335+00
1c3e1d54-4427-44cc-b9e8-a96da5497f7e	EMP045	Bùi Hữu Hương	FEMALE	1991-03-24	079207757657	0901075779	nhanvien.atlas45@gmail.com	buihuuhuong@atlas-erp.com	Số 126 Nguyễn Đình Chiểu, Quận 3, TP.HCM	Số 123 Nguyễn Đình Chiểu, Quận 3, TP.HCM	TP.HCM	MARRIED	1	2024-12-10	2025-09-09	FULL_TIME	ACTIVE	https://i.pravatar.cc/150?u=1c3e1d54442744ccb9e8a96da5497f7e	\N	2026-03-24 05:10:24.020335+00	2026-03-24 05:10:24.020335+00
7a910367-f2af-436f-bf6f-a4bf2810ad77	EMP046	Lê Hữu Tuấn	MALE	1992-03-24	079218842721	0900564488	nhanvien.atlas46@gmail.com	lehuutuan@atlas-erp.com	Số 271 Nguyễn Đình Chiểu, Quận 3, TP.HCM	Số 376 Nguyễn Đình Chiểu, Quận 3, TP.HCM	TP.HCM	SINGLE	1	2023-11-02	2024-11-03	FULL_TIME	ACTIVE	https://i.pravatar.cc/150?u=7a910367f2af436fbf6fa4bf2810ad77	\N	2026-03-24 05:10:24.020335+00	2026-03-24 05:10:24.020335+00
0e47202b-9c1d-4128-8b0f-77d4d763c81e	EMP047	Trần Xuân Dũng	FEMALE	1996-03-24	079282971402	0906479589	nhanvien.atlas47@gmail.com	tranxuandung@atlas-erp.com	Số 337 Nguyễn Đình Chiểu, Quận 3, TP.HCM	Số 11 Nguyễn Đình Chiểu, Quận 3, TP.HCM	TP.HCM	MARRIED	2	2024-09-09	2025-03-19	FULL_TIME	ACTIVE	https://i.pravatar.cc/150?u=0e47202b9c1d41288b0f77d4d763c81e	\N	2026-03-24 05:10:24.020335+00	2026-03-24 05:10:24.020335+00
3a96e2c6-dd7b-49be-83fa-45545d311ea4	EMP048	Phạm Thanh Bảo	FEMALE	1995-03-24	079263972085	0905428177	nhanvien.atlas48@gmail.com	phamthanhbao@atlas-erp.com	Số 449 Nguyễn Đình Chiểu, Quận 3, TP.HCM	Số 422 Nguyễn Đình Chiểu, Quận 3, TP.HCM	TP.HCM	SINGLE	2	2026-03-12	2024-08-16	FULL_TIME	ACTIVE	https://i.pravatar.cc/150?u=3a96e2c6dd7b49be83fa45545d311ea4	\N	2026-03-24 05:10:24.020335+00	2026-03-24 05:10:24.020335+00
16908f1f-f3be-46aa-9c40-61abd4e5eea0	EMP049	Lý Minh Oanh	MALE	1994-03-24	079226869589	0907077177	nhanvien.atlas49@gmail.com	lyminhoanh@atlas-erp.com	Số 98 Nguyễn Đình Chiểu, Quận 3, TP.HCM	Số 393 Nguyễn Đình Chiểu, Quận 3, TP.HCM	TP.HCM	SINGLE	1	2023-10-15	2024-03-17	FULL_TIME	ACTIVE	https://i.pravatar.cc/150?u=16908f1ff3be46aa9c4061abd4e5eea0	\N	2026-03-24 05:10:24.020335+00	2026-03-24 05:10:24.020335+00
e4af5b2c-6bb1-4e76-9f48-65e920293fd8	EMP050	Phạm Thanh Quang	FEMALE	1998-03-24	079218186859	0907710471	nhanvien.atlas50@gmail.com	phamthanhquang@atlas-erp.com	Số 409 Nguyễn Đình Chiểu, Quận 3, TP.HCM	Số 226 Nguyễn Đình Chiểu, Quận 3, TP.HCM	TP.HCM	SINGLE	1	2024-01-15	2026-04-20	FULL_TIME	ACTIVE	https://i.pravatar.cc/150?u=e4af5b2c6bb14e769f4865e920293fd8	\N	2026-03-24 05:10:24.020335+00	2026-03-24 05:10:24.020335+00
e9e560e4-b204-4c1d-bf01-902f04263244	EMP051	Trần Thanh Oanh	MALE	1990-03-24	079243917997	0908057103	nhanvien.atlas51@gmail.com	tranthanhoanh@atlas-erp.com	Số 86 Nguyễn Đình Chiểu, Quận 3, TP.HCM	Số 149 Nguyễn Đình Chiểu, Quận 3, TP.HCM	TP.HCM	SINGLE	1	2024-12-05	2026-04-18	FULL_TIME	ACTIVE	https://i.pravatar.cc/150?u=e9e560e4b2044c1dbf01902f04263244	\N	2026-03-24 05:10:24.020335+00	2026-03-24 05:10:24.020335+00
e5856772-d584-4f63-a4c9-a16eab36b261	EMP052	Lý Hữu Dũng	MALE	1996-03-24	079243301845	0905395051	nhanvien.atlas52@gmail.com	lyhuudung@atlas-erp.com	Số 454 Nguyễn Đình Chiểu, Quận 3, TP.HCM	Số 44 Nguyễn Đình Chiểu, Quận 3, TP.HCM	TP.HCM	MARRIED	0	2023-09-20	2024-06-29	FULL_TIME	ACTIVE	https://i.pravatar.cc/150?u=e5856772d5844f63a4c9a16eab36b261	\N	2026-03-24 05:10:24.020335+00	2026-03-24 05:10:24.020335+00
f7e75548-8372-4ce0-bb30-37bdde05524b	EMP053	Trần Văn Phong	MALE	2004-03-24	079217667960	0905539887	nhanvien.atlas53@gmail.com	tranvanphong@atlas-erp.com	Số 342 Nguyễn Đình Chiểu, Quận 3, TP.HCM	Số 183 Nguyễn Đình Chiểu, Quận 3, TP.HCM	TP.HCM	SINGLE	2	2023-08-31	2025-11-17	FULL_TIME	ACTIVE	https://i.pravatar.cc/150?u=f7e7554883724ce0bb3037bdde05524b	\N	2026-03-24 05:10:24.020335+00	2026-03-24 05:10:24.020335+00
ce46b53c-57d8-415a-ac66-ed9c33e2e3f2	EMP054	Lê Hữu Hà	FEMALE	2004-03-24	079223519264	0903547316	nhanvien.atlas54@gmail.com	lehuuha@atlas-erp.com	Số 151 Nguyễn Đình Chiểu, Quận 3, TP.HCM	Số 405 Nguyễn Đình Chiểu, Quận 3, TP.HCM	TP.HCM	MARRIED	0	2023-08-08	2025-11-19	FULL_TIME	ACTIVE	https://i.pravatar.cc/150?u=ce46b53c57d8415aac66ed9c33e2e3f2	\N	2026-03-24 05:10:24.020335+00	2026-03-24 05:10:24.020335+00
aa6c9c95-9ddc-45f0-9633-cd5cce6d6326	EMP055	Trần Minh Oanh	FEMALE	2003-03-24	079221169819	0900788881	nhanvien.atlas55@gmail.com	tranminhoanh@atlas-erp.com	Số 60 Nguyễn Đình Chiểu, Quận 3, TP.HCM	Số 332 Nguyễn Đình Chiểu, Quận 3, TP.HCM	TP.HCM	MARRIED	1	2024-05-26	2025-01-28	FULL_TIME	ACTIVE	https://i.pravatar.cc/150?u=aa6c9c959ddc45f09633cd5cce6d6326	\N	2026-03-24 05:10:24.020335+00	2026-03-24 05:10:24.020335+00
e98e2be4-9bb0-45fb-bddd-6840b521f40e	EMP056	Lý Hải Hương	FEMALE	2001-03-24	079276525122	0909732892	nhanvien.atlas56@gmail.com	lyhaihuong@atlas-erp.com	Số 426 Nguyễn Đình Chiểu, Quận 3, TP.HCM	Số 86 Nguyễn Đình Chiểu, Quận 3, TP.HCM	TP.HCM	MARRIED	1	2025-09-02	2024-01-12	FULL_TIME	ACTIVE	https://i.pravatar.cc/150?u=e98e2be49bb045fbbddd6840b521f40e	\N	2026-03-24 05:10:24.020335+00	2026-03-24 05:10:24.020335+00
d3c95e3c-261b-432f-a431-ac25cb63b0e3	EMP057	Nguyễn Hữu Quang	FEMALE	1990-03-24	079279190401	0902333678	nhanvien.atlas57@gmail.com	nguyenhuuquang@atlas-erp.com	Số 174 Nguyễn Đình Chiểu, Quận 3, TP.HCM	Số 205 Nguyễn Đình Chiểu, Quận 3, TP.HCM	TP.HCM	MARRIED	1	2026-01-24	2023-10-16	FULL_TIME	ACTIVE	https://i.pravatar.cc/150?u=d3c95e3c261b432fa431ac25cb63b0e3	\N	2026-03-24 05:10:24.020335+00	2026-03-24 05:10:24.020335+00
bbdc067e-c952-44e0-88e5-f9074bf1ed76	EMP058	Hoàng Hải Dũng	FEMALE	2000-03-24	079269856724	0900721469	nhanvien.atlas58@gmail.com	hoanghaidung@atlas-erp.com	Số 499 Nguyễn Đình Chiểu, Quận 3, TP.HCM	Số 433 Nguyễn Đình Chiểu, Quận 3, TP.HCM	TP.HCM	SINGLE	2	2025-06-20	2026-02-26	FULL_TIME	ACTIVE	https://i.pravatar.cc/150?u=bbdc067ec95244e088e5f9074bf1ed76	\N	2026-03-24 05:10:24.020335+00	2026-03-24 05:10:24.020335+00
a56dd112-af08-4fef-8d84-aeb1ab3d9caf	EMP059	Vũ Đức Linh	MALE	2000-03-24	079260520718	0903430916	nhanvien.atlas59@gmail.com	vuduclinh@atlas-erp.com	Số 446 Nguyễn Đình Chiểu, Quận 3, TP.HCM	Số 396 Nguyễn Đình Chiểu, Quận 3, TP.HCM	TP.HCM	SINGLE	0	2025-03-28	2024-03-23	FULL_TIME	ACTIVE	https://i.pravatar.cc/150?u=a56dd112af084fef8d84aeb1ab3d9caf	\N	2026-03-24 05:10:24.020335+00	2026-03-24 05:10:24.020335+00
7ebf3d8f-a4a4-4668-985b-67f889c89b78	EMP060	Lê Thị Bảo	MALE	1995-03-24	079258963772	0909766981	nhanvien.atlas60@gmail.com	lethibao@atlas-erp.com	Số 485 Nguyễn Đình Chiểu, Quận 3, TP.HCM	Số 367 Nguyễn Đình Chiểu, Quận 3, TP.HCM	TP.HCM	MARRIED	1	2024-12-06	2026-02-04	FULL_TIME	ACTIVE	https://i.pravatar.cc/150?u=7ebf3d8fa4a44668985b67f889c89b78	\N	2026-03-24 05:10:24.020335+00	2026-03-24 05:10:24.020335+00
84969d1a-bed4-4c9c-90e8-6ba3ecd21769	EMP061	Phạm Đức Trang	MALE	1990-03-24	079289118747	0906952701	nhanvien.atlas61@gmail.com	phamductrang@atlas-erp.com	Số 207 Nguyễn Đình Chiểu, Quận 3, TP.HCM	Số 70 Nguyễn Đình Chiểu, Quận 3, TP.HCM	TP.HCM	MARRIED	2	2025-10-11	2024-11-22	FULL_TIME	ACTIVE	https://i.pravatar.cc/150?u=84969d1abed44c9c90e86ba3ecd21769	\N	2026-03-24 05:10:24.020335+00	2026-03-24 05:10:24.020335+00
c94939f0-2cf2-49fa-8311-c42db189b0d1	EMP062	Hoàng Hữu Quang	FEMALE	2000-03-24	079200342519	0909352562	nhanvien.atlas62@gmail.com	hoanghuuquang@atlas-erp.com	Số 66 Nguyễn Đình Chiểu, Quận 3, TP.HCM	Số 468 Nguyễn Đình Chiểu, Quận 3, TP.HCM	TP.HCM	MARRIED	1	2025-12-25	2026-05-12	FULL_TIME	ACTIVE	https://i.pravatar.cc/150?u=c94939f02cf249fa8311c42db189b0d1	\N	2026-03-24 05:10:24.020335+00	2026-03-24 05:10:24.020335+00
6c649e9f-8cec-4d17-a563-181b076e0265	EMP063	Đặng Hữu Anh	MALE	1991-03-24	079283780170	0900423180	nhanvien.atlas63@gmail.com	danghuuanh@atlas-erp.com	Số 79 Nguyễn Đình Chiểu, Quận 3, TP.HCM	Số 338 Nguyễn Đình Chiểu, Quận 3, TP.HCM	TP.HCM	MARRIED	0	2025-04-26	2024-09-17	FULL_TIME	ACTIVE	https://i.pravatar.cc/150?u=6c649e9f8cec4d17a563181b076e0265	\N	2026-03-24 05:10:24.020335+00	2026-03-24 05:10:24.020335+00
e4b92434-eea8-4bf6-a9af-2e203d048409	EMP064	Vũ Ngọc Nam	MALE	1995-03-24	079290205091	0905344003	nhanvien.atlas64@gmail.com	vungocnam@atlas-erp.com	Số 348 Nguyễn Đình Chiểu, Quận 3, TP.HCM	Số 256 Nguyễn Đình Chiểu, Quận 3, TP.HCM	TP.HCM	SINGLE	0	2025-03-21	2023-12-02	FULL_TIME	ACTIVE	https://i.pravatar.cc/150?u=e4b92434eea84bf6a9af2e203d048409	\N	2026-03-24 05:10:24.020335+00	2026-03-24 05:10:24.020335+00
5f861f0a-196e-450a-9b23-5dd8e5f40daf	EMP065	Đặng Minh Hà	MALE	2000-03-24	079258388799	0908869593	nhanvien.atlas65@gmail.com	dangminhha@atlas-erp.com	Số 195 Nguyễn Đình Chiểu, Quận 3, TP.HCM	Số 329 Nguyễn Đình Chiểu, Quận 3, TP.HCM	TP.HCM	MARRIED	1	2025-03-07	2024-09-13	FULL_TIME	ACTIVE	https://i.pravatar.cc/150?u=5f861f0a196e450a9b235dd8e5f40daf	\N	2026-03-24 05:10:24.020335+00	2026-03-24 05:10:24.020335+00
e3f2fb6f-662d-4fff-a4c8-2cccf4de566d	EMP066	Phạm Thanh Linh	MALE	1993-03-24	079223336385	0908192776	nhanvien.atlas66@gmail.com	phamthanhlinh@atlas-erp.com	Số 180 Nguyễn Đình Chiểu, Quận 3, TP.HCM	Số 32 Nguyễn Đình Chiểu, Quận 3, TP.HCM	TP.HCM	SINGLE	1	2025-09-19	2024-01-19	FULL_TIME	ACTIVE	https://i.pravatar.cc/150?u=e3f2fb6f662d4fffa4c82cccf4de566d	\N	2026-03-24 05:10:24.020335+00	2026-03-24 05:10:24.020335+00
0e932b52-3223-4f0c-8749-0494bbcdd765	EMP067	Bùi Văn Hương	FEMALE	1993-03-24	079281141402	0903691532	nhanvien.atlas67@gmail.com	buivanhuong@atlas-erp.com	Số 158 Nguyễn Đình Chiểu, Quận 3, TP.HCM	Số 312 Nguyễn Đình Chiểu, Quận 3, TP.HCM	TP.HCM	MARRIED	1	2024-11-28	2025-08-30	FULL_TIME	ACTIVE	https://i.pravatar.cc/150?u=0e932b5232234f0c87490494bbcdd765	\N	2026-03-24 05:10:24.020335+00	2026-03-24 05:10:24.020335+00
f4a80853-88ec-4441-90f1-fe5554cc355d	EMP068	Trần Thanh Cường	FEMALE	2002-03-24	079278382381	0904380294	nhanvien.atlas68@gmail.com	tranthanhcuong@atlas-erp.com	Số 482 Nguyễn Đình Chiểu, Quận 3, TP.HCM	Số 405 Nguyễn Đình Chiểu, Quận 3, TP.HCM	TP.HCM	SINGLE	2	2026-01-11	2025-10-20	FULL_TIME	ACTIVE	https://i.pravatar.cc/150?u=f4a8085388ec444190f1fe5554cc355d	\N	2026-03-24 05:10:24.020335+00	2026-03-24 05:10:24.020335+00
dc1415bb-27ea-4792-a9f4-a2fb0bbabab6	EMP069	Bùi Đức Linh	MALE	2004-03-24	079295844046	0906913921	nhanvien.atlas69@gmail.com	buiduclinh@atlas-erp.com	Số 39 Nguyễn Đình Chiểu, Quận 3, TP.HCM	Số 447 Nguyễn Đình Chiểu, Quận 3, TP.HCM	TP.HCM	MARRIED	2	2026-01-17	2025-06-30	FULL_TIME	ACTIVE	https://i.pravatar.cc/150?u=dc1415bb27ea4792a9f4a2fb0bbabab6	\N	2026-03-24 05:10:24.020335+00	2026-03-24 05:10:24.020335+00
9c631ac2-445f-4e90-aa71-fb533704b3d1	EMP070	Hoàng Thị Hà	FEMALE	2004-03-24	079205926789	0909743177	nhanvien.atlas70@gmail.com	hoangthiha@atlas-erp.com	Số 476 Nguyễn Đình Chiểu, Quận 3, TP.HCM	Số 257 Nguyễn Đình Chiểu, Quận 3, TP.HCM	TP.HCM	MARRIED	1	2024-11-27	2024-05-12	FULL_TIME	ACTIVE	https://i.pravatar.cc/150?u=9c631ac2445f4e90aa71fb533704b3d1	\N	2026-03-24 05:10:24.020335+00	2026-03-24 05:10:24.020335+00
c7d6253a-6e95-4058-bf04-1dad1f0303ed	EMP071	Phạm Đức Kiên	FEMALE	2002-03-24	079295062148	0901853021	nhanvien.atlas71@gmail.com	phamduckien@atlas-erp.com	Số 82 Nguyễn Đình Chiểu, Quận 3, TP.HCM	Số 346 Nguyễn Đình Chiểu, Quận 3, TP.HCM	TP.HCM	MARRIED	0	2024-08-22	2025-09-03	FULL_TIME	ACTIVE	https://i.pravatar.cc/150?u=c7d6253a6e954058bf041dad1f0303ed	\N	2026-03-24 05:10:24.020335+00	2026-03-24 05:10:24.020335+00
0b6df85c-763b-4503-9a79-9392ed0cb499	EMP072	Lý Xuân Hương	MALE	1995-03-24	079250838366	0906604319	nhanvien.atlas72@gmail.com	lyxuanhuong@atlas-erp.com	Số 450 Nguyễn Đình Chiểu, Quận 3, TP.HCM	Số 340 Nguyễn Đình Chiểu, Quận 3, TP.HCM	TP.HCM	MARRIED	1	2025-09-24	2024-01-02	FULL_TIME	ACTIVE	https://i.pravatar.cc/150?u=0b6df85c763b45039a799392ed0cb499	\N	2026-03-24 05:10:24.020335+00	2026-03-24 05:10:24.020335+00
a9572c3b-69c2-4e18-845e-6602264df73c	EMP073	Trần Ngọc Tuấn	MALE	1998-03-24	079209398260	0905755210	nhanvien.atlas73@gmail.com	tranngoctuan@atlas-erp.com	Số 206 Nguyễn Đình Chiểu, Quận 3, TP.HCM	Số 251 Nguyễn Đình Chiểu, Quận 3, TP.HCM	TP.HCM	MARRIED	1	2025-12-29	2025-04-28	FULL_TIME	ACTIVE	https://i.pravatar.cc/150?u=a9572c3b69c24e18845e6602264df73c	\N	2026-03-24 05:10:24.020335+00	2026-03-24 05:10:24.020335+00
46d5c499-070f-482c-8343-158764abee7b	EMP074	Vũ Hữu Anh	FEMALE	2002-03-24	079207030225	0908179293	nhanvien.atlas74@gmail.com	vuhuuanh@atlas-erp.com	Số 122 Nguyễn Đình Chiểu, Quận 3, TP.HCM	Số 245 Nguyễn Đình Chiểu, Quận 3, TP.HCM	TP.HCM	SINGLE	2	2024-04-01	2024-05-03	FULL_TIME	ACTIVE	https://i.pravatar.cc/150?u=46d5c499070f482c8343158764abee7b	\N	2026-03-24 05:10:24.020335+00	2026-03-24 05:10:24.020335+00
1fd65cc9-27fd-44b0-9a5b-6b980a6f2833	EMP001	Vũ Thu Linh	FEMALE	1996-03-24	079249812309	0905987081	nhanvien.atlas1@gmail.com	vuthulinh@atlas-erp.com	Số 175 Nguyễn Đình Chiểu, Quận 3, TP.HCM	Số 102 Nguyễn Đình Chiểu, Quận 3, TP.HCM	TP.HCM	SINGLE	2	2023-12-20	2024-02-26	FULL_TIME	ACTIVE	https://i.pravatar.cc/150?u=1fd65cc927fd44b09a5b6b980a6f2833	\N	2026-03-24 05:10:24.020335+00	2026-03-24 05:10:24.020335+00
74aa1174-08c3-4600-87d4-0214660c9e02	EMP075	Đinh Xuân Hà	FEMALE	1997-03-24	079291764387	0901713655	nhanvien.atlas75@gmail.com	dinhxuanha@atlas-erp.com	Số 203 Nguyễn Đình Chiểu, Quận 3, TP.HCM	Số 357 Nguyễn Đình Chiểu, Quận 3, TP.HCM	TP.HCM	SINGLE	2	2024-05-19	2026-03-10	FULL_TIME	ACTIVE	https://i.pravatar.cc/150?u=74aa117408c3460087d40214660c9e02	\N	2026-03-24 05:10:24.020335+00	2026-03-24 05:10:24.020335+00
892cac98-2603-487c-8b30-6a6c848c16d3	EMP076	Hoàng Hải Oanh	FEMALE	1992-03-24	079249558152	0902453115	nhanvien.atlas76@gmail.com	hoanghaioanh@atlas-erp.com	Số 491 Nguyễn Đình Chiểu, Quận 3, TP.HCM	Số 398 Nguyễn Đình Chiểu, Quận 3, TP.HCM	TP.HCM	MARRIED	2	2025-04-28	2024-10-04	FULL_TIME	ACTIVE	https://i.pravatar.cc/150?u=892cac982603487c8b306a6c848c16d3	\N	2026-03-24 05:10:24.020335+00	2026-03-24 05:10:24.020335+00
55555555-5555-5555-5555-555555555555	EMP0005	Đỗ Thành Nam	MALE	1988-02-25	321654987012	0944332211	nam.do@gmail.com	dothanhnam@atlas-erp.com	15 Phan Chu Trinh, Hội An	15 Phan Chu Trinh, Hội An	Quảng Nam	MARRIED	2	2019-05-10	\N	FULL_TIME	RESIGNED	https://i.pravatar.cc/150?u=55555555555555555555555555555555	11111111-1111-1111-1111-111111111111	2026-02-26 10:43:57.602477+00	2026-02-26 10:43:57.602477+00
531ac95c-6720-4a0f-a5c1-5d9a53a1288a	EMP077	Trần Thu Kiên	FEMALE	2003-03-24	079274879394	0905638090	nhanvien.atlas77@gmail.com	tranthukien@atlas-erp.com	Số 303 Nguyễn Đình Chiểu, Quận 3, TP.HCM	Số 204 Nguyễn Đình Chiểu, Quận 3, TP.HCM	TP.HCM	MARRIED	2	2024-07-26	2024-06-23	FULL_TIME	ACTIVE	https://i.pravatar.cc/150?u=531ac95c67204a0fa5c15d9a53a1288a	\N	2026-03-24 05:10:24.020335+00	2026-03-24 05:10:24.020335+00
8dcccec3-081e-4028-93cd-be20fade0ab2	EMP078	Lê Hải Kiên	MALE	2000-03-24	079244857357	0900016060	nhanvien.atlas78@gmail.com	lehaikien@atlas-erp.com	Số 146 Nguyễn Đình Chiểu, Quận 3, TP.HCM	Số 15 Nguyễn Đình Chiểu, Quận 3, TP.HCM	TP.HCM	SINGLE	1	2025-04-30	2025-07-31	FULL_TIME	ACTIVE	https://i.pravatar.cc/150?u=8dcccec3081e402893cdbe20fade0ab2	\N	2026-03-24 05:10:24.020335+00	2026-03-24 05:10:24.020335+00
88c6db72-9ecb-469e-98a9-d4f05138f76e	EMP079	Lê Thu Hương	FEMALE	1993-03-24	079219311350	0903469314	nhanvien.atlas79@gmail.com	lethuhuong@atlas-erp.com	Số 54 Nguyễn Đình Chiểu, Quận 3, TP.HCM	Số 123 Nguyễn Đình Chiểu, Quận 3, TP.HCM	TP.HCM	SINGLE	0	2025-11-15	2023-11-04	FULL_TIME	ACTIVE	https://i.pravatar.cc/150?u=88c6db729ecb469e98a9d4f05138f76e	\N	2026-03-24 05:10:24.020335+00	2026-03-24 05:10:24.020335+00
1054b612-d930-4582-8186-6be6759fda04	EMP080	Phạm Hữu Trang	MALE	1992-03-24	079213553146	0906911905	nhanvien.atlas80@gmail.com	phamhuutrang@atlas-erp.com	Số 63 Nguyễn Đình Chiểu, Quận 3, TP.HCM	Số 414 Nguyễn Đình Chiểu, Quận 3, TP.HCM	TP.HCM	SINGLE	2	2024-06-22	2026-02-21	FULL_TIME	ACTIVE	https://i.pravatar.cc/150?u=1054b612d930458281866be6759fda04	\N	2026-03-24 05:10:24.020335+00	2026-03-24 05:10:24.020335+00
9d4286be-3647-4d95-b230-9c02e1797a20	EMP086	Hoàng Hải Hương	MALE	2004-03-24	079296145708	0906103061	nhanvien.atlas86@gmail.com	hoanghaihuong@atlas-erp.com	Số 337 Nguyễn Đình Chiểu, Quận 3, TP.HCM	Số 23 Nguyễn Đình Chiểu, Quận 3, TP.HCM	TP.HCM	SINGLE	0	2025-06-15	2024-03-16	FULL_TIME	ACTIVE	https://i.pravatar.cc/150?u=9d4286be36474d95b2309c02e1797a20	\N	2026-03-24 05:10:24.020335+00	2026-03-24 05:10:24.020335+00
3ac48aeb-e693-41d9-b1f3-0151d252fc03	EMP087	Nguyễn Thị Tuấn	FEMALE	2004-03-24	079269134279	0905585180	nhanvien.atlas87@gmail.com	nguyenthituan@atlas-erp.com	Số 135 Nguyễn Đình Chiểu, Quận 3, TP.HCM	Số 323 Nguyễn Đình Chiểu, Quận 3, TP.HCM	TP.HCM	SINGLE	2	2025-01-05	2024-07-04	FULL_TIME	ACTIVE	https://i.pravatar.cc/150?u=3ac48aebe69341d9b1f30151d252fc03	\N	2026-03-24 05:10:24.020335+00	2026-03-24 05:10:24.020335+00
62e9c31a-c1b3-4c9c-80a4-941351a93941	EMP088	Đinh Ngọc Tuấn	MALE	1995-03-24	079261788409	0906368243	nhanvien.atlas88@gmail.com	dinhngoctuan@atlas-erp.com	Số 220 Nguyễn Đình Chiểu, Quận 3, TP.HCM	Số 259 Nguyễn Đình Chiểu, Quận 3, TP.HCM	TP.HCM	SINGLE	2	2024-12-05	2024-08-29	FULL_TIME	ACTIVE	https://i.pravatar.cc/150?u=62e9c31ac1b34c9c80a4941351a93941	\N	2026-03-24 05:10:24.020335+00	2026-03-24 05:10:24.020335+00
b18aefcf-9e60-46f0-bd66-1e7577258232	EMP089	Phạm Ngọc Hà	MALE	2000-03-24	079215154323	0900050093	nhanvien.atlas89@gmail.com	phamngocha@atlas-erp.com	Số 314 Nguyễn Đình Chiểu, Quận 3, TP.HCM	Số 355 Nguyễn Đình Chiểu, Quận 3, TP.HCM	TP.HCM	SINGLE	1	2025-10-22	2023-12-11	FULL_TIME	ACTIVE	https://i.pravatar.cc/150?u=b18aefcf9e6046f0bd661e7577258232	\N	2026-03-24 05:10:24.020335+00	2026-03-24 05:10:24.020335+00
ff91c676-1bfe-4acd-a0bb-fa596ea1c2c4	EMP090	Lý Hải Nam	FEMALE	2004-03-24	079266487891	0902644353	nhanvien.atlas90@gmail.com	lyhainam@atlas-erp.com	Số 469 Nguyễn Đình Chiểu, Quận 3, TP.HCM	Số 195 Nguyễn Đình Chiểu, Quận 3, TP.HCM	TP.HCM	SINGLE	0	2025-02-05	2024-04-23	FULL_TIME	ACTIVE	https://i.pravatar.cc/150?u=ff91c6761bfe4acda0bbfa596ea1c2c4	\N	2026-03-24 05:10:24.020335+00	2026-03-24 05:10:24.020335+00
1848714c-4b5c-4e97-b733-c32e00880a25	EMP091	Phạm Đức Quang	MALE	2001-03-24	079254652055	0908591357	nhanvien.atlas91@gmail.com	phamducquang@atlas-erp.com	Số 295 Nguyễn Đình Chiểu, Quận 3, TP.HCM	Số 52 Nguyễn Đình Chiểu, Quận 3, TP.HCM	TP.HCM	SINGLE	1	2025-04-05	2024-07-22	FULL_TIME	ACTIVE	https://i.pravatar.cc/150?u=1848714c4b5c4e97b733c32e00880a25	\N	2026-03-24 05:10:24.020335+00	2026-03-24 05:10:24.020335+00
f2b68008-9183-467c-b27d-cc2077c3a7f7	EMP092	Đặng Hải Anh	FEMALE	1999-03-24	079235037713	0909906407	nhanvien.atlas92@gmail.com	danghaianh@atlas-erp.com	Số 488 Nguyễn Đình Chiểu, Quận 3, TP.HCM	Số 397 Nguyễn Đình Chiểu, Quận 3, TP.HCM	TP.HCM	SINGLE	1	2024-09-29	2025-09-02	FULL_TIME	ACTIVE	https://i.pravatar.cc/150?u=f2b680089183467cb27dcc2077c3a7f7	\N	2026-03-24 05:10:24.020335+00	2026-03-24 05:10:24.020335+00
659c603b-e0f9-43eb-975d-5727b9d8d3e6	EMP093	Lý Thanh Hương	MALE	1995-03-24	079210912989	0902325180	nhanvien.atlas93@gmail.com	lythanhhuong@atlas-erp.com	Số 431 Nguyễn Đình Chiểu, Quận 3, TP.HCM	Số 369 Nguyễn Đình Chiểu, Quận 3, TP.HCM	TP.HCM	MARRIED	2	2024-11-15	2024-09-21	FULL_TIME	ACTIVE	https://i.pravatar.cc/150?u=659c603be0f943eb975d5727b9d8d3e6	\N	2026-03-24 05:10:24.020335+00	2026-03-24 05:10:24.020335+00
1b6efea8-1bed-498b-9c03-232202bffa76	EMP094	Vũ Hải Bảo	MALE	2004-03-24	079299553852	0908522739	nhanvien.atlas94@gmail.com	vuhaibao@atlas-erp.com	Số 6 Nguyễn Đình Chiểu, Quận 3, TP.HCM	Số 450 Nguyễn Đình Chiểu, Quận 3, TP.HCM	TP.HCM	SINGLE	1	2024-02-23	2024-07-27	FULL_TIME	ACTIVE	https://i.pravatar.cc/150?u=1b6efea81bed498b9c03232202bffa76	\N	2026-03-24 05:10:24.020335+00	2026-03-24 05:10:24.020335+00
9d00f8be-e87f-4f44-9bef-9b26eebabf05	EMP095	Hoàng Xuân Oanh	MALE	1994-03-24	079234408718	0907981198	nhanvien.atlas95@gmail.com	hoangxuanoanh@atlas-erp.com	Số 98 Nguyễn Đình Chiểu, Quận 3, TP.HCM	Số 59 Nguyễn Đình Chiểu, Quận 3, TP.HCM	TP.HCM	SINGLE	2	2024-06-05	2024-03-05	FULL_TIME	ACTIVE	https://i.pravatar.cc/150?u=9d00f8bee87f4f449bef9b26eebabf05	\N	2026-03-24 05:10:24.020335+00	2026-03-24 05:10:24.020335+00
a09e7e2a-197b-4572-b97b-7f42ddb15368	EMP081	Phạm Thị Hà	FEMALE	1992-03-24	079261616572	0904068214	nhanvien.atlas81@gmail.com	phamthiha@atlas-erp.com	Số 443 Nguyễn Đình Chiểu, Quận 3, TP.HCM	Số 288 Nguyễn Đình Chiểu, Quận 3, TP.HCM	TP.HCM	MARRIED	2	2025-11-12	2024-07-13	FULL_TIME	ACTIVE	https://i.pravatar.cc/150?u=a09e7e2a197b4572b97b7f42ddb15368	\N	2026-03-24 05:10:24.020335+00	2026-03-24 05:10:24.020335+00
3c7d71b7-c72e-4a47-b462-44304f89aa17	EMP082	Đặng Minh Bảo	MALE	2002-03-24	079232251748	0902690521	nhanvien.atlas82@gmail.com	dangminhbao@atlas-erp.com	Số 99 Nguyễn Đình Chiểu, Quận 3, TP.HCM	Số 418 Nguyễn Đình Chiểu, Quận 3, TP.HCM	TP.HCM	MARRIED	2	2024-07-26	2026-03-23	FULL_TIME	ACTIVE	https://i.pravatar.cc/150?u=3c7d71b7c72e4a47b46244304f89aa17	\N	2026-03-24 05:10:24.020335+00	2026-03-24 05:10:24.020335+00
d6db52e3-1744-4ad0-8b35-b3ac6ffad996	EMP083	Hoàng Hữu Cường	FEMALE	2003-03-24	079221100206	0901255645	nhanvien.atlas83@gmail.com	hoanghuucuong@atlas-erp.com	Số 482 Nguyễn Đình Chiểu, Quận 3, TP.HCM	Số 403 Nguyễn Đình Chiểu, Quận 3, TP.HCM	TP.HCM	SINGLE	0	2025-12-03	2024-12-05	FULL_TIME	ACTIVE	https://i.pravatar.cc/150?u=d6db52e317444ad08b35b3ac6ffad996	\N	2026-03-24 05:10:24.020335+00	2026-03-24 05:10:24.020335+00
57f6265f-c399-4155-b3af-5b19a94c1994	EMP084	Bùi Xuân Hà	MALE	1998-03-24	079269951810	0907244121	nhanvien.atlas84@gmail.com	buixuanha@atlas-erp.com	Số 130 Nguyễn Đình Chiểu, Quận 3, TP.HCM	Số 333 Nguyễn Đình Chiểu, Quận 3, TP.HCM	TP.HCM	MARRIED	1	2023-07-27	2024-12-28	FULL_TIME	ACTIVE	https://i.pravatar.cc/150?u=57f6265fc3994155b3af5b19a94c1994	\N	2026-03-24 05:10:24.020335+00	2026-03-24 05:10:24.020335+00
b90b05cc-a462-40cb-af49-765432ef8128	EMP085	Đặng Hải Phong	MALE	2002-03-24	079202454816	0900595128	nhanvien.atlas85@gmail.com	danghaiphong@atlas-erp.com	Số 226 Nguyễn Đình Chiểu, Quận 3, TP.HCM	Số 364 Nguyễn Đình Chiểu, Quận 3, TP.HCM	TP.HCM	MARRIED	1	2025-07-20	2025-06-11	FULL_TIME	ACTIVE	https://i.pravatar.cc/150?u=b90b05cca46240cbaf49765432ef8128	\N	2026-03-24 05:10:24.020335+00	2026-03-24 05:10:24.020335+00
361d2343-a602-47f2-8cd3-5b90cc9b9284	EMP096	Lê Thanh Cường	FEMALE	1995-03-24	079242206636	0906987576	nhanvien.atlas96@gmail.com	lethanhcuong@atlas-erp.com	Số 298 Nguyễn Đình Chiểu, Quận 3, TP.HCM	Số 355 Nguyễn Đình Chiểu, Quận 3, TP.HCM	TP.HCM	MARRIED	2	2026-01-03	2025-07-01	FULL_TIME	ACTIVE	https://i.pravatar.cc/150?u=361d2343a60247f28cd35b90cc9b9284	\N	2026-03-24 05:10:24.020335+00	2026-03-24 05:10:24.020335+00
38529394-cd83-4f18-a721-9effd8114d5d	EMP097	Nguyễn Ngọc Nam	FEMALE	1995-03-24	079223756009	0909744105	nhanvien.atlas97@gmail.com	nguyenngocnam@atlas-erp.com	Số 36 Nguyễn Đình Chiểu, Quận 3, TP.HCM	Số 317 Nguyễn Đình Chiểu, Quận 3, TP.HCM	TP.HCM	SINGLE	2	2026-02-12	2024-09-02	FULL_TIME	ACTIVE	https://i.pravatar.cc/150?u=38529394cd834f18a7219effd8114d5d	\N	2026-03-24 05:10:24.020335+00	2026-03-24 05:10:24.020335+00
0f90c722-8aca-4501-8bf9-79dba8503a80	EMP098	Đinh Văn Linh	MALE	1990-03-24	079254951596	0904193749	nhanvien.atlas98@gmail.com	dinhvanlinh@atlas-erp.com	Số 178 Nguyễn Đình Chiểu, Quận 3, TP.HCM	Số 35 Nguyễn Đình Chiểu, Quận 3, TP.HCM	TP.HCM	SINGLE	1	2024-03-15	2023-09-30	FULL_TIME	ACTIVE	https://i.pravatar.cc/150?u=0f90c7228aca45018bf979dba8503a80	\N	2026-03-24 05:10:24.020335+00	2026-03-24 05:10:24.020335+00
15ede4d1-e9fb-4762-9f09-adaebb452e3e	EMP099	Lý Đức Hà	FEMALE	2002-03-24	079207140964	0905507951	nhanvien.atlas99@gmail.com	lyducha@atlas-erp.com	Số 412 Nguyễn Đình Chiểu, Quận 3, TP.HCM	Số 348 Nguyễn Đình Chiểu, Quận 3, TP.HCM	TP.HCM	SINGLE	1	2025-07-01	2025-07-12	FULL_TIME	ACTIVE	https://i.pravatar.cc/150?u=15ede4d1e9fb47629f09adaebb452e3e	\N	2026-03-24 05:10:24.020335+00	2026-03-24 05:10:24.020335+00
e69c8806-12f2-44e9-88c3-44c44c5fa384	EMP100	Đinh Hữu Quang	FEMALE	1994-03-24	079281604781	0905112159	nhanvien.atlas100@gmail.com	dinhhuuquang@atlas-erp.com	Số 268 Nguyễn Đình Chiểu, Quận 3, TP.HCM	Số 52 Nguyễn Đình Chiểu, Quận 3, TP.HCM	TP.HCM	SINGLE	2	2024-05-05	2025-07-28	FULL_TIME	ACTIVE	https://i.pravatar.cc/150?u=e69c880612f244e988c344c44c5fa384	\N	2026-03-24 05:10:24.020335+00	2026-03-24 05:10:24.020335+00
\.


--
-- Data for Name: employee_assignment; Type: TABLE DATA; Schema: public; Owner: neondb_owner
--

COPY public.employee_assignment (id, employee_id, department_id, department_name, team_id, team_name, job_title_id, job_title_name, grade_level, from_date, to_date, change_reason) FROM stdin;
aaaa0000-0000-0000-0000-000000000001	11111111-1111-1111-1111-111111111111	88888888-1111-1111-1111-111111111111	Human Resources	\N	\N	a1111111-0000-0000-0000-000000000002	HR Manager	Manager	2020-01-15	\N	Initial assignment as HR Manager
aaaa0000-0000-0000-0000-000000000002	22222222-2222-2222-2222-222222222222	88888888-1111-1111-1111-111111111111	Human Resources	\N	\N	a1111111-0000-0000-0000-000000000001	HR Executive	Executive	2021-03-01	2023-12-31	Initial hire as HR Executive
aaaa0000-0000-0000-0000-000000000003	22222222-2222-2222-2222-222222222222	88888888-1111-1111-1111-111111111111	Human Resources	\N	\N	a1111111-0000-0000-0000-000000000002	HR Manager	Manager	2024-01-01	\N	Promoted to HR Manager
aaaa0000-0000-0000-0000-000000000004	33333333-3333-3333-3333-333333333333	88888888-2222-2222-2222-222222222222	Information Technology	\N	\N	a2222222-0000-0000-0000-000000000001	Junior Developer	Junior	2025-01-10	\N	Initial assignment - IT Department
aaaa0000-0000-0000-0000-000000000005	44444444-4444-4444-4444-444444444444	5392b37a-bb2f-4bfb-b4ac-38f178e96a42	Quality Control	\N	\N	a4444444-0000-0000-0000-000000000001	QC Inspector	Staff	2022-07-01	\N	Assigned to Quality Control department
aaaa0000-0000-0000-0000-000000000006	55555555-5555-5555-5555-555555555555	29d2389a-c529-4351-8b4d-24193cbeb45a	Production Department	\N	\N	a3333333-0000-0000-0000-000000000002	Production Supervisor	Supervisor	2019-05-10	2024-06-30	Assigned as Production Supervisor before resignation
\.


--
-- Data for Name: employee_contract; Type: TABLE DATA; Schema: public; Owner: neondb_owner
--

COPY public.employee_contract (id, employee_id, contract_template_id, contract_template_name, contract_no, start_date, end_date, base_salary, signed_date, status) FROM stdin;
bbbb0000-0000-0000-0000-000000000001	11111111-1111-1111-1111-111111111111	33333333-3333-3333-3333-333333333333	Hợp đồng không xác định thời hạn	HDKXD-2020-0001	2020-01-15	\N	45000000.00	2020-01-10	ACTIVE
bbbb0000-0000-0000-0000-000000000002	22222222-2222-2222-2222-222222222222	22222222-2222-2222-2222-222222222222	Hợp đồng xác định thời hạn	HDXD-2021-0002	2021-03-01	2023-02-28	18000000.00	2021-02-25	EXPIRED
bbbb0000-0000-0000-0000-000000000003	22222222-2222-2222-2222-222222222222	33333333-3333-3333-3333-333333333333	Hợp đồng không xác định thời hạn	HDKXD-2023-0002	2023-03-01	\N	25000000.00	2023-02-20	ACTIVE
bbbb0000-0000-0000-0000-000000000004	33333333-3333-3333-3333-333333333333	11111111-1111-1111-1111-111111111111	Hợp đồng thử việc	HDTV-2025-0003	2025-01-10	2025-03-10	12000000.00	2025-01-05	ACTIVE
bbbb0000-0000-0000-0000-000000000005	44444444-4444-4444-4444-444444444444	22222222-2222-2222-2222-222222222222	Hợp đồng xác định thời hạn	HDXD-2022-0004	2022-07-01	2025-06-30	17000000.00	2022-06-20	ACTIVE
bbbb0000-0000-0000-0000-000000000006	55555555-5555-5555-5555-555555555555	22222222-2222-2222-2222-222222222222	Hợp đồng xác định thời hạn	HDXD-2019-0005	2019-05-10	2024-05-09	22000000.00	2019-05-01	TERMINATED
\.


--
-- Data for Name: employee_skill; Type: TABLE DATA; Schema: public; Owner: neondb_owner
--

COPY public.employee_skill (id, employee_id, skill_id, current_level, certified, certified_date, note) FROM stdin;
345404c7-115c-4bca-9d74-ef8115ad7366	149848bb-57f4-4dde-8221-dad7c03b0308	66c1d22f-49cb-4e63-b3ca-515da87d70ee	3	t	2024-06-10	\N
77e92ccc-7301-4317-a3f1-3179326a3116	149848bb-57f4-4dde-8221-dad7c03b0308	3d6c6081-61a9-4d71-80bb-b6398a3854b7	2	f	\N	\N
76ee257a-8043-4fa4-b5af-73404a621fca	1597499e-bc5b-4821-9bb5-fa5305331d73	e11929ea-195c-404c-8bf8-341ecef2ad6b	4	f	\N	\N
06b07878-e4f1-468f-a5ed-57ca19a9173a	1597499e-bc5b-4821-9bb5-fa5305331d73	66c1d22f-49cb-4e63-b3ca-515da87d70ee	3	f	\N	\N
664f4b8d-3242-4f8c-89a2-1d1cdab98e17	24d50e57-eb96-4210-b3cd-c6e326659fa3	000c6399-ce2f-47d2-9c3c-a3b2cd9af661	4	f	\N	\N
19cebbe9-8d6d-4fb2-89e0-04fb54bbb8d6	24d50e57-eb96-4210-b3cd-c6e326659fa3	dcf5274c-3627-49fb-925b-b2ade0efd258	3	f	\N	\N
3b3d751c-1361-46bb-8d95-8db1c4aa821a	2893ae93-4b84-42e7-a2f8-bc3ebd06a098	000c6399-ce2f-47d2-9c3c-a3b2cd9af661	3	f	\N	\N
971188c1-7fc1-4b0c-8a4c-755ead02900e	2d43e515-df68-4a3e-a57c-d61fc3d39453	66c1d22f-49cb-4e63-b3ca-515da87d70ee	2	f	\N	\N
cc76a4c6-cabd-4b7f-9790-ec286ba25bf9	2d43e515-df68-4a3e-a57c-d61fc3d39453	dcf5274c-3627-49fb-925b-b2ade0efd258	2	f	\N	\N
a82455ed-9ab5-4297-8fc8-a05f294bf8a1	37039b18-0292-4748-951c-a0b7fa16ed45	e11929ea-195c-404c-8bf8-341ecef2ad6b	5	t	2023-12-01	\N
fcbee121-47f0-49cc-9992-8d963f3e77ee	57bd7264-bd4f-446e-9d27-7eb32291215b	66c1d22f-49cb-4e63-b3ca-515da87d70ee	3	f	\N	\N
7e60d6c1-72e4-45b2-a4cb-f3d77b169907	57bd7264-bd4f-446e-9d27-7eb32291215b	3d6c6081-61a9-4d71-80bb-b6398a3854b7	3	f	\N	\N
478172f0-7051-4e78-8b5e-0cf7c2d9fd37	57d94d61-7bbc-45c2-a393-f56d4a4dbcad	dcf5274c-3627-49fb-925b-b2ade0efd258	2	f	\N	\N
9672d99d-0598-4ace-a86a-7bc9fc8c8979	57d94d61-7bbc-45c2-a393-f56d4a4dbcad	3d6c6081-61a9-4d71-80bb-b6398a3854b7	2	f	\N	\N
0dbd574c-bcf8-4153-9ff5-8c2fdc028433	69358a5f-9100-46c1-8d16-328ec0825149	000c6399-ce2f-47d2-9c3c-a3b2cd9af661	4	t	2024-01-15	\N
1008c3b9-da09-47cb-836f-2184f11f2824	7605aa1c-4695-4ef0-93c1-f8bd2b26e866	e11929ea-195c-404c-8bf8-341ecef2ad6b	3	f	\N	\N
06c363d9-eab6-4136-a1da-18f8c6d6631d	7605aa1c-4695-4ef0-93c1-f8bd2b26e866	dcf5274c-3627-49fb-925b-b2ade0efd258	3	f	\N	\N
c915b34f-aece-4e77-bdcc-320e960769a8	8f021f93-8cd7-49df-81fd-c42e8efff108	dcf5274c-3627-49fb-925b-b2ade0efd258	2	f	\N	\N
6abac679-7b8a-46e3-ab4e-d9edaa06a716	8f021f93-8cd7-49df-81fd-c42e8efff108	3d6c6081-61a9-4d71-80bb-b6398a3854b7	2	f	\N	\N
aca237f4-6bbd-4296-a7ce-e3ed12379c9a	92612db9-caad-4ee4-a1fd-22a53ed9e781	66c1d22f-49cb-4e63-b3ca-515da87d70ee	4	t	2024-03-20	\N
96e1e462-126c-4fe3-b223-63ac6df10d05	92612db9-caad-4ee4-a1fd-22a53ed9e781	000c6399-ce2f-47d2-9c3c-a3b2cd9af661	4	t	2024-03-20	\N
06c1ca02-e11b-4d9e-b056-1cd59e424dc1	9eb4ee78-2561-40ef-a0a1-6caf1824428e	e11929ea-195c-404c-8bf8-341ecef2ad6b	3	f	\N	\N
85178649-e5ce-4d10-b4f9-b708ab748fca	9eb4ee78-2561-40ef-a0a1-6caf1824428e	dcf5274c-3627-49fb-925b-b2ade0efd258	3	f	\N	\N
b5be448e-ba2c-4823-a43b-f3bf34cca134	a60b7a3a-fbc7-412f-a48f-94dd36f7be09	3d6c6081-61a9-4d71-80bb-b6398a3854b7	2	f	\N	\N
7ce2d8a4-f6e1-4eef-83b9-b6e4ce2b8c77	b19fde90-3b45-4a42-b9be-4186bc965503	66c1d22f-49cb-4e63-b3ca-515da87d70ee	5	t	2023-09-01	\N
a06051b6-adde-4909-bdb5-74da50c9cb6b	b24b3b6f-a856-48eb-a588-866ca7053316	000c6399-ce2f-47d2-9c3c-a3b2cd9af661	3	f	\N	\N
cace125d-c84b-4c4a-96d5-d3712175659f	b24b3b6f-a856-48eb-a588-866ca7053316	dcf5274c-3627-49fb-925b-b2ade0efd258	3	f	\N	\N
7e0f3869-cd0f-497a-a888-b6f0946bee34	c7eb1dde-995a-4022-b84a-98483e6be5df	e11929ea-195c-404c-8bf8-341ecef2ad6b	4	t	2024-04-10	\N
e05b2318-91e5-444d-b8fb-f576285603bd	d9a43716-ef2e-474e-8c53-1f435cef2bd6	66c1d22f-49cb-4e63-b3ca-515da87d70ee	3	f	\N	\N
6b0b0f2c-4d3e-4379-abb4-019cbb022dce	d9a43716-ef2e-474e-8c53-1f435cef2bd6	dcf5274c-3627-49fb-925b-b2ade0efd258	3	f	\N	\N
5b106d14-d9a0-4a01-8b0f-0cfe8411e549	fd822668-ef8f-450f-9f68-4a744fcc9f20	dcf5274c-3627-49fb-925b-b2ade0efd258	2	f	\N	\N
218f4421-0b98-4427-8017-62191299f6ae	fd822668-ef8f-450f-9f68-4a744fcc9f20	3d6c6081-61a9-4d71-80bb-b6398a3854b7	2	f	\N	\N
c780dc0c-d3f1-4eea-9797-b2a5a157baad	fe2ce8f8-816c-48bf-82d5-a8e4981eeff5	e11929ea-195c-404c-8bf8-341ecef2ad6b	4	t	2024-02-01	\N
c0cf7dbd-e88b-4fc6-8ae9-694ec60cafa6	fe2ce8f8-816c-48bf-82d5-a8e4981eeff5	000c6399-ce2f-47d2-9c3c-a3b2cd9af661	4	t	2024-02-01	\N
cccc0000-0000-0000-0000-000000000001	11111111-1111-1111-1111-111111111111	dcf5274c-3627-49fb-925b-b2ade0efd258	3	t	2022-06-15	Có khả năng dẫn dắt và giải quyết xung đột nội bộ
cccc0000-0000-0000-0000-000000000002	11111111-1111-1111-1111-111111111111	3d6c6081-61a9-4d71-80bb-b6398a3854b7	2	t	2023-04-10	Đã tham gia khóa đào tạo an toàn PCCC
cccc0000-0000-0000-0000-000000000003	22222222-2222-2222-2222-222222222222	dcf5274c-3627-49fb-925b-b2ade0efd258	3	t	2023-01-20	Dẫn dắt nhóm HR hiệu quả
cccc0000-0000-0000-0000-000000000004	33333333-3333-3333-3333-333333333333	000c6399-ce2f-47d2-9c3c-a3b2cd9af661	2	f	\N	Có thể thực hiện kiểm tra hệ thống cơ bản
cccc0000-0000-0000-0000-000000000005	33333333-3333-3333-3333-333333333333	dcf5274c-3627-49fb-925b-b2ade0efd258	2	f	\N	Làm việc nhóm tốt
cccc0000-0000-0000-0000-000000000006	44444444-4444-4444-4444-444444444444	000c6399-ce2f-47d2-9c3c-a3b2cd9af661	4	t	2023-08-01	Phân tích nguyên nhân lỗi và đề xuất cải tiến
cccc0000-0000-0000-0000-000000000007	44444444-4444-4444-4444-444444444444	3d6c6081-61a9-4d71-80bb-b6398a3854b7	3	t	2022-05-10	Hướng dẫn và xử lý tình huống khẩn cấp
cccc0000-0000-0000-0000-000000000008	55555555-5555-5555-5555-555555555555	e11929ea-195c-404c-8bf8-341ecef2ad6b	4	t	2021-11-20	Tối ưu chương trình và quy trình gia công
cccc0000-0000-0000-0000-000000000009	55555555-5555-5555-5555-555555555555	66c1d22f-49cb-4e63-b3ca-515da87d70ee	3	t	2022-02-15	Thực hiện hàn độc lập
cccc0000-0000-0000-0000-000000000010	55555555-5555-5555-5555-555555555555	dcf5274c-3627-49fb-925b-b2ade0efd258	3	t	2022-09-01	Dẫn dắt nhóm sản xuất
\.


--
-- Data for Name: job_title; Type: TABLE DATA; Schema: public; Owner: neondb_owner
--

COPY public.job_title (id, code, name, grade_level, department_id, description, status, created_at, updated_at, departmentname) FROM stdin;
a5555555-0000-0000-0000-000000000002	FIN_MGR	Finance Manager	Manager	88888888-3333-3333-3333-333333333333	Quản lý tài chính và ngân sách doanh nghiệp.	ACTIVE	2026-02-20 11:04:36.961101	2026-02-20 11:04:36.961101	Finance & Accounting
a2222222-0000-0000-0000-000000000003	IT_MGR	IT Manager	Manager	88888888-2222-2222-2222-222222222222	Quản lý hạ tầng CNTT và chiến lược công nghệ.	ACTIVE	2026-02-20 11:04:36.961101	2026-02-20 11:04:36.961101	Information Technology
a5555555-0000-0000-0000-000000000001	ACC_EXEC	Accountant	Executive	88888888-3333-3333-3333-333333333333	Thực hiện nghiệp vụ kế toán và báo cáo tài chính.	ACTIVE	2026-02-20 11:04:36.961101	2026-02-20 11:04:36.961101	Finance & Accounting
a1111111-0000-0000-0000-000000000002	HR_MGR	HR Manager	Manager	88888888-1111-1111-1111-111111111111	Quản lý toàn bộ hoạt động nhân sự của doanh nghiệp.	ACTIVE	2026-02-20 11:04:36.961101	2026-02-20 11:04:36.961101	Human Resources
a2222222-0000-0000-0000-000000000001	DEV_JR	Junior Developer	Junior	88888888-2222-2222-2222-222222222222	Phát triển và bảo trì phần mềm dưới sự hướng dẫn.	ACTIVE	2026-02-20 11:04:36.961101	2026-02-20 11:04:36.961101	Information Technology
a1111111-0000-0000-0000-000000000001	HR_EXEC	HR Executive	Executive	88888888-1111-1111-1111-111111111111	Thực hiện nghiệp vụ nhân sự: tuyển dụng, C&B, hồ sơ lao động.	ACTIVE	2026-02-20 11:04:36.961101	2026-02-20 11:04:36.961101	Human Resources
a2222222-0000-0000-0000-000000000002	DEV_SR	Senior Developer	Senior	88888888-2222-2222-2222-222222222222	Thiết kế giải pháp kỹ thuật và hướng dẫn team phát triển.	ACTIVE	2026-02-20 11:04:36.961101	2026-02-20 11:04:36.961101	Information Technology
a3333333-0000-0000-0000-000000000001	PRD_OP	Production Operator	Staff	29d2389a-c529-4351-8b4d-24193cbeb45a	Vận hành dây chuyền sản xuất.	ACTIVE	2026-02-20 11:04:36.961101	2026-02-20 11:04:36.961101	Production Department
a4444444-0000-0000-0000-000000000001	QC_INS	QC Inspector	Staff	5392b37a-bb2f-4bfb-b4ac-38f178e96a42	Kiểm tra chất lượng sản phẩm theo tiêu chuẩn.	ACTIVE	2026-02-20 11:04:36.961101	2026-02-20 11:04:36.961101	Quality Control
a3333333-0000-0000-0000-000000000002	PRD_SUP	Production Supervisor	Supervisor	29d2389a-c529-4351-8b4d-24193cbeb45a	Giám sát hoạt động sản xuất theo ca.	ACTIVE	2026-02-20 11:04:36.961101	2026-02-20 11:04:36.961101	Production Department
a4444444-0000-0000-0000-000000000002	QC_MGR	Quality Manager	Manager	5392b37a-bb2f-4bfb-b4ac-38f178e96a42	Quản lý hệ thống đảm bảo chất lượng.	ACTIVE	2026-02-20 11:04:36.961101	2026-02-20 11:04:36.961101	Quality Control
\.


--
-- Data for Name: shift; Type: TABLE DATA; Schema: public; Owner: neondb_owner
--

COPY public.shift (id, code, name, description, start_time, end_time, break_minutes, late_allowance_minutes, early_allowance_minutes, is_overnight, status) FROM stdin;
11111111-1111-1111-1111-111111111111	CA-SANG-01	Ca sáng hành chính	Ca sáng tiêu chuẩn văn phòng	08:00:00	17:00:00	60	10	10	f	ACTIVE
22222222-2222-2222-2222-222222222222	CA-CHIEU-01	Ca chiều	Ca chiều sản xuất	13:00:00	22:00:00	60	5	5	f	ACTIVE
33333333-3333-3333-3333-333333333333	CA-DEM-01	Ca đêm	Ca làm việc ban đêm	22:00:00	06:00:00	45	5	5	t	ACTIVE
44444444-4444-4444-4444-444444444444	CA-PT-SANG	Ca part-time sáng	Ca bán thời gian buổi sáng	08:00:00	12:00:00	0	5	0	f	ACTIVE
55555555-5555-5555-5555-555555555555	CA-WEEKEND	Ca cuối tuần	Ca làm việc ngày thứ 7 - CN	09:00:00	18:00:00	60	10	10	f	ACTIVE
\.


--
-- Data for Name: shift_rule; Type: TABLE DATA; Schema: public; Owner: neondb_owner
--

COPY public.shift_rule (id, shift_id, ot_rule, weekend_rule, rounded_in_minutes, rounded_out_minutes, auto_checkout, holiday_rate) FROM stdin;
aaaa1111-1111-1111-1111-111111111111	11111111-1111-1111-1111-111111111111	OT_AFTER_SHIFT	WEEKEND_150	5	5	t	2.00
aaaa2222-2222-2222-2222-222222222222	22222222-2222-2222-2222-222222222222	OT_AFTER_SHIFT	WEEKEND_150	5	5	t	1.50
aaaa3333-3333-3333-3333-333333333333	33333333-3333-3333-3333-333333333333	OT_AFTER_SHIFT	WEEKEND_200	10	10	t	2.50
aaaa4444-4444-4444-4444-444444444444	44444444-4444-4444-4444-444444444444	NO_OT	WEEKEND_150	0	0	f	1.50
aaaa5555-5555-5555-5555-555555555555	55555555-5555-5555-5555-555555555555	OT_AFTER_SHIFT	WEEKEND_200	5	5	t	2.00
\.


--
-- Data for Name: shift_scope; Type: TABLE DATA; Schema: public; Owner: neondb_owner
--

COPY public.shift_scope (id, shift_id, department_id, team_id) FROM stdin;
1326e2f4-2da1-4b5d-a97a-37466da2be40	11111111-1111-1111-1111-111111111111	29d2389a-c529-4351-8b4d-24193cbeb45a	\N
8a3b20f6-41fb-4fa6-8a1c-b8114cc26d52	11111111-1111-1111-1111-111111111111	5392b37a-bb2f-4bfb-b4ac-38f178e96a42	\N
f980f06a-f4f8-4e66-9deb-498661efc96d	11111111-1111-1111-1111-111111111111	99999999-1111-1111-1111-111111111111	\N
407e385c-9f77-4df5-9d65-a73e672ccff7	22222222-2222-2222-2222-222222222222	29d2389a-c529-4351-8b4d-24193cbeb45a	\N
f3fe2773-a1c4-449b-a112-0b59bd246060	22222222-2222-2222-2222-222222222222	99999999-2222-2222-2222-222222222222	\N
8afe0e0a-aaee-4c75-9c44-12a62a45bd57	33333333-3333-3333-3333-333333333333	551f4c39-420c-4b69-9e5a-576dcadb2ff0	\N
7dd4e899-365d-41ac-a34f-1724d7815b99	33333333-3333-3333-3333-333333333333	99999999-3333-3333-3333-333333333333	\N
bb6d6ef9-6f12-4e48-85b3-daf887ebeec0	44444444-4444-4444-4444-444444444444	88888888-1111-1111-1111-111111111111	\N
8a461ac1-13bd-4be2-8957-d0454afec06f	44444444-4444-4444-4444-444444444444	88888888-2222-2222-2222-222222222222	\N
91a78dd0-2dcb-469b-94e6-2dc75d34e3b3	55555555-5555-5555-5555-555555555555	88888888-3333-3333-3333-333333333333	\N
511bbbb6-b330-4696-b82d-013ac737d45d	55555555-5555-5555-5555-555555555555	88888888-4444-4444-4444-444444444444	\N
9efdf77b-809c-45d8-b833-b0788e84a30c	55555555-5555-5555-5555-555555555555	29d2389a-c529-4351-8b4d-24193cbeb45a	\N
8ccefcd9-1a10-49d2-955c-87f7f9190cc2	55555555-5555-5555-5555-555555555555	5392b37a-bb2f-4bfb-b4ac-38f178e96a42	\N
\.


--
-- Data for Name: skill; Type: TABLE DATA; Schema: public; Owner: neondb_owner
--

COPY public.skill (id, code, name, max_level, group_id, description, status, created_at, updated_at, updated_by) FROM stdin;
000c6399-ce2f-47d2-9c3c-a3b2cd9af661	INSPECT	Quality Inspection	4	f8a1a20b-3424-49f3-a443-481e72e2280d	Kiểm tra chất lượng sản phẩm	ACTIVE	2026-02-24 10:40:04.343692	2026-02-25 04:03:03	Admin
3d6c6081-61a9-4d71-80bb-b6398a3854b7	FIRE	Fire Safety	3	729a8d3e-90df-4d59-bd3f-c6769a17bd37	An toàn phòng cháy chữa cháy	ACTIVE	2026-02-24 10:40:04.903754	2026-02-25 01:01:01	Admin
66c1d22f-49cb-4e63-b3ca-515da87d70ee	WELD	Welding Operation	5	dbbb6469-ef89-4366-b13e-405d0960e35a	Vận hành hàn công nghiệp	ACTIVE	2026-02-24 10:40:03.800705	2026-02-25 15:03:06	Admin
dcf5274c-3627-49fb-925b-b2ade0efd258	TEAMWORK	Teamwork	3	9d7b2558-8d3e-4e9d-8d90-f6afc2096771	Làm việc nhóm	ACTIVE	2026-02-24 10:40:04.630735	2026-02-25 03:00:04	Admin
e11929ea-195c-404c-8bf8-341ecef2ad6b	CNC	CNC Machine Operation	5	dbbb6469-ef89-4366-b13e-405d0960e35a	Vận hành máy CNC	ACTIVE	2026-02-24 10:40:04.073674	2026-02-25 00:00:00	Admin
\.


--
-- Data for Name: skill_criteria; Type: TABLE DATA; Schema: public; Owner: neondb_owner
--

COPY public.skill_criteria (id, skill_id, title, description) FROM stdin;
f975191d-5a4c-4c96-8bd1-c313fe30ec3c	66c1d22f-49cb-4e63-b3ca-515da87d70ee	Level 1	Hiểu cơ bản về quy trình
9221f8de-f8a5-4eaa-a28a-cc0312337efc	66c1d22f-49cb-4e63-b3ca-515da87d70ee	Level 3	Thực hiện độc lập
fd134616-1ed5-43ca-9e65-bf6fa08b25ed	66c1d22f-49cb-4e63-b3ca-515da87d70ee	Level 5	Chuyên gia hướng dẫn người khác
7e484e81-803b-4846-a960-d0fa1a8d10d3	000c6399-ce2f-47d2-9c3c-a3b2cd9af661	Level 1	Hiểu quy trình kiểm tra cơ bản
c7b07964-10d5-4223-98e9-eecc42ab88a9	000c6399-ce2f-47d2-9c3c-a3b2cd9af661	Level 2	Thực hiện kiểm tra dưới sự giám sát
708f24a7-d82c-4711-8026-28d3c95f2643	000c6399-ce2f-47d2-9c3c-a3b2cd9af661	Level 3	Thực hiện độc lập và phát hiện lỗi phổ biến
fdb1be18-50e0-4244-84d5-1da61c04265f	000c6399-ce2f-47d2-9c3c-a3b2cd9af661	Level 4	Phân tích nguyên nhân lỗi và đề xuất cải tiến
b1fbb729-620e-4789-bcd6-2e7eb8a3e008	3d6c6081-61a9-4d71-80bb-b6398a3854b7	Level 1	Hiểu quy định an toàn PCCC
361d0a75-f6ab-4318-b3dc-dab185967af5	3d6c6081-61a9-4d71-80bb-b6398a3854b7	Level 2	Sử dụng thiết bị chữa cháy đúng cách
7bf55f6c-db1b-4fd1-96d6-e9d94f42ea5c	3d6c6081-61a9-4d71-80bb-b6398a3854b7	Level 3	Hướng dẫn và xử lý tình huống khẩn cấp
5cdb4467-d605-49e1-9241-a8b44f3aac03	66c1d22f-49cb-4e63-b3ca-515da87d70ee	Level 2	Thực hiện hàn với hướng dẫn
fadc734d-1aad-4f90-9f88-b99962ca9922	66c1d22f-49cb-4e63-b3ca-515da87d70ee	Level 4	Xử lý kỹ thuật hàn phức tạp
d5afea3c-6736-419a-a2fa-58728cadcd14	dcf5274c-3627-49fb-925b-b2ade0efd258	Level 1	Tham gia nhóm và hợp tác cơ bản
4345ee36-53b2-4cbb-8312-bfb7eea0a47e	dcf5274c-3627-49fb-925b-b2ade0efd258	Level 2	Phối hợp hiệu quả trong nhóm
6b525190-302b-4079-b059-1b791f41ab36	dcf5274c-3627-49fb-925b-b2ade0efd258	Level 3	Dẫn dắt và giải quyết xung đột nhóm
8f15e50b-523f-4e55-abea-10dbebdd64f1	e11929ea-195c-404c-8bf8-341ecef2ad6b	Level 1	Hiểu nguyên lý vận hành máy CNC
6c35ce9f-1581-49ec-a487-901f6519e41a	e11929ea-195c-404c-8bf8-341ecef2ad6b	Level 2	Thiết lập máy dưới sự giám sát
90be767d-ec69-4b0a-befc-088966cb76d0	e11929ea-195c-404c-8bf8-341ecef2ad6b	Level 3	Vận hành độc lập và xử lý lỗi cơ bản
d5a331e1-bc58-476a-b65f-adbb8f91d3bc	e11929ea-195c-404c-8bf8-341ecef2ad6b	Level 4	Tối ưu chương trình và quy trình gia công
1bd999f1-94e1-4670-836d-0da09f80520b	e11929ea-195c-404c-8bf8-341ecef2ad6b	Level 5	Chuyên gia thiết lập và đào tạo vận hành
\.


--
-- Data for Name: skill_group; Type: TABLE DATA; Schema: public; Owner: neondb_owner
--

COPY public.skill_group (id, code, name, description) FROM stdin;
dbbb6469-ef89-4366-b13e-405d0960e35a	TECH	Technical Skills	Kỹ năng kỹ thuật chuyên môn
f8a1a20b-3424-49f3-a443-481e72e2280d	QA	Quality Skills	Kỹ năng kiểm soát chất lượng
9d7b2558-8d3e-4e9d-8d90-f6afc2096771	SOFT	Soft Skills	Kỹ năng mềm
729a8d3e-90df-4d59-bd3f-c6769a17bd37	SAFE	Safety Skills	Kỹ năng an toàn lao động
\.


--
-- Name: attendance attendance_pkey; Type: CONSTRAINT; Schema: public; Owner: neondb_owner
--

ALTER TABLE ONLY public.attendance
    ADD CONSTRAINT attendance_pkey PRIMARY KEY (id);


--
-- Name: contract_template contract_template_code_key; Type: CONSTRAINT; Schema: public; Owner: neondb_owner
--

ALTER TABLE ONLY public.contract_template
    ADD CONSTRAINT contract_template_code_key UNIQUE (code);


--
-- Name: contract_template contract_template_pkey; Type: CONSTRAINT; Schema: public; Owner: neondb_owner
--

ALTER TABLE ONLY public.contract_template
    ADD CONSTRAINT contract_template_pkey PRIMARY KEY (id);


--
-- Name: employee_assignment employee_assignment_pkey; Type: CONSTRAINT; Schema: public; Owner: neondb_owner
--

ALTER TABLE ONLY public.employee_assignment
    ADD CONSTRAINT employee_assignment_pkey PRIMARY KEY (id);


--
-- Name: employee_contract employee_contract_pkey; Type: CONSTRAINT; Schema: public; Owner: neondb_owner
--

ALTER TABLE ONLY public.employee_contract
    ADD CONSTRAINT employee_contract_pkey PRIMARY KEY (id);


--
-- Name: employee employee_employee_code_key; Type: CONSTRAINT; Schema: public; Owner: neondb_owner
--

ALTER TABLE ONLY public.employee
    ADD CONSTRAINT employee_employee_code_key UNIQUE (employee_code);


--
-- Name: employee employee_pkey; Type: CONSTRAINT; Schema: public; Owner: neondb_owner
--

ALTER TABLE ONLY public.employee
    ADD CONSTRAINT employee_pkey PRIMARY KEY (id);


--
-- Name: employee_skill employee_skill_pkey; Type: CONSTRAINT; Schema: public; Owner: neondb_owner
--

ALTER TABLE ONLY public.employee_skill
    ADD CONSTRAINT employee_skill_pkey PRIMARY KEY (id);


--
-- Name: job_title job_title_pkey; Type: CONSTRAINT; Schema: public; Owner: neondb_owner
--

ALTER TABLE ONLY public.job_title
    ADD CONSTRAINT job_title_pkey PRIMARY KEY (id);


--
-- Name: shift shift_code_key; Type: CONSTRAINT; Schema: public; Owner: neondb_owner
--

ALTER TABLE ONLY public.shift
    ADD CONSTRAINT shift_code_key UNIQUE (code);


--
-- Name: shift shift_pkey; Type: CONSTRAINT; Schema: public; Owner: neondb_owner
--

ALTER TABLE ONLY public.shift
    ADD CONSTRAINT shift_pkey PRIMARY KEY (id);


--
-- Name: shift_rule shift_rule_pkey; Type: CONSTRAINT; Schema: public; Owner: neondb_owner
--

ALTER TABLE ONLY public.shift_rule
    ADD CONSTRAINT shift_rule_pkey PRIMARY KEY (id);


--
-- Name: shift_scope shift_scope_pkey; Type: CONSTRAINT; Schema: public; Owner: neondb_owner
--

ALTER TABLE ONLY public.shift_scope
    ADD CONSTRAINT shift_scope_pkey PRIMARY KEY (id);


--
-- Name: skill skill_code_key; Type: CONSTRAINT; Schema: public; Owner: neondb_owner
--

ALTER TABLE ONLY public.skill
    ADD CONSTRAINT skill_code_key UNIQUE (code);


--
-- Name: skill_criteria skill_criteria_pkey; Type: CONSTRAINT; Schema: public; Owner: neondb_owner
--

ALTER TABLE ONLY public.skill_criteria
    ADD CONSTRAINT skill_criteria_pkey PRIMARY KEY (id);


--
-- Name: skill_group skill_group_code_key; Type: CONSTRAINT; Schema: public; Owner: neondb_owner
--

ALTER TABLE ONLY public.skill_group
    ADD CONSTRAINT skill_group_code_key UNIQUE (code);


--
-- Name: skill_group skill_group_pkey; Type: CONSTRAINT; Schema: public; Owner: neondb_owner
--

ALTER TABLE ONLY public.skill_group
    ADD CONSTRAINT skill_group_pkey PRIMARY KEY (id);


--
-- Name: skill skill_pkey; Type: CONSTRAINT; Schema: public; Owner: neondb_owner
--

ALTER TABLE ONLY public.skill
    ADD CONSTRAINT skill_pkey PRIMARY KEY (id);


--
-- Name: employee_skill uk_employee_skill; Type: CONSTRAINT; Schema: public; Owner: neondb_owner
--

ALTER TABLE ONLY public.employee_skill
    ADD CONSTRAINT uk_employee_skill UNIQUE (employee_id, skill_id);


--
-- Name: job_title uk_job_title_code; Type: CONSTRAINT; Schema: public; Owner: neondb_owner
--

ALTER TABLE ONLY public.job_title
    ADD CONSTRAINT uk_job_title_code UNIQUE (code);


--
-- Name: shift_rule uq_shift_rule; Type: CONSTRAINT; Schema: public; Owner: neondb_owner
--

ALTER TABLE ONLY public.shift_rule
    ADD CONSTRAINT uq_shift_rule UNIQUE (shift_id);


--
-- Name: idx_assignment_emp_id; Type: INDEX; Schema: public; Owner: neondb_owner
--

CREATE INDEX idx_assignment_emp_id ON public.employee_assignment USING btree (employee_id);


--
-- Name: idx_contract_emp_id; Type: INDEX; Schema: public; Owner: neondb_owner
--

CREATE INDEX idx_contract_emp_id ON public.employee_contract USING btree (employee_id);


--
-- Name: idx_emp_code; Type: INDEX; Schema: public; Owner: neondb_owner
--

CREATE INDEX idx_emp_code ON public.employee USING btree (employee_code);


--
-- Name: idx_job_title_department; Type: INDEX; Schema: public; Owner: neondb_owner
--

CREATE INDEX idx_job_title_department ON public.job_title USING btree (department_id);


--
-- Name: idx_job_title_status; Type: INDEX; Schema: public; Owner: neondb_owner
--

CREATE INDEX idx_job_title_status ON public.job_title USING btree (status);


--
-- Name: skill_criteria fk_criteria_skill; Type: FK CONSTRAINT; Schema: public; Owner: neondb_owner
--

ALTER TABLE ONLY public.skill_criteria
    ADD CONSTRAINT fk_criteria_skill FOREIGN KEY (skill_id) REFERENCES public.skill(id) ON DELETE CASCADE;


--
-- Name: shift_rule fk_shift_rule_shift; Type: FK CONSTRAINT; Schema: public; Owner: neondb_owner
--

ALTER TABLE ONLY public.shift_rule
    ADD CONSTRAINT fk_shift_rule_shift FOREIGN KEY (shift_id) REFERENCES public.shift(id) ON DELETE CASCADE;


--
-- Name: shift_scope fk_shift_scope_shift; Type: FK CONSTRAINT; Schema: public; Owner: neondb_owner
--

ALTER TABLE ONLY public.shift_scope
    ADD CONSTRAINT fk_shift_scope_shift FOREIGN KEY (shift_id) REFERENCES public.shift(id) ON DELETE CASCADE;


--
-- Name: employee_skill fk_skill; Type: FK CONSTRAINT; Schema: public; Owner: neondb_owner
--

ALTER TABLE ONLY public.employee_skill
    ADD CONSTRAINT fk_skill FOREIGN KEY (skill_id) REFERENCES public.skill(id);


--
-- Name: skill fk_skill_group; Type: FK CONSTRAINT; Schema: public; Owner: neondb_owner
--

ALTER TABLE ONLY public.skill
    ADD CONSTRAINT fk_skill_group FOREIGN KEY (group_id) REFERENCES public.skill_group(id);


--
-- Name: DEFAULT PRIVILEGES FOR SEQUENCES; Type: DEFAULT ACL; Schema: public; Owner: cloud_admin
--

ALTER DEFAULT PRIVILEGES FOR ROLE cloud_admin IN SCHEMA public GRANT ALL ON SEQUENCES TO neon_superuser WITH GRANT OPTION;


--
-- Name: DEFAULT PRIVILEGES FOR TABLES; Type: DEFAULT ACL; Schema: public; Owner: cloud_admin
--

ALTER DEFAULT PRIVILEGES FOR ROLE cloud_admin IN SCHEMA public GRANT ALL ON TABLES TO neon_superuser WITH GRANT OPTION;


--
-- PostgreSQL database dump complete
--

\unrestrict UtU76N0TtmcUcshdjCLIKzmrEsngHcVbDNpfAnSxMqFfRrxK6n3SPslb4wzKRli

